Farkasgyepű	Veszprém megye
Farkaslyuk	Borsod-Abaúj-Zemplén megye
Farmos	Pest megye
Fazekasboda	Baranya megye
Fedémes	Heves megye
Fegyvernek	Jász-Nagykun-Szolnok megye
Fehérgyarmat	Szabolcs-Szatmár-Bereg megye
Fehértó	Győr-Moson-Sopron megye
Fehérvárcsurgó	Fejér megye
Feked	Baranya megye
Feketeerdő	Győr-Moson-Sopron megye
Felcsút	Fejér megye
Feldebrő	Heves megye
Felgyő	Csongrád megye
Felpéc	Győr-Moson-Sopron megye
Felsőberecki	Borsod-Abaúj-Zemplén megye
Felsőcsatár	Vas megye
Felsődobsza	Borsod-Abaúj-Zemplén megye
Felsőegerszeg	Baranya megye
Felsőgagy	Borsod-Abaúj-Zemplén megye
Felsőjánosfa	Vas megye
Felsőkelecsény	Borsod-Abaúj-Zemplén megye
Felsőlajos	Bács-Kiskun megye
Felsőmarác	Vas megye
Felsőmocsolád	Somogy megye
Felsőnána	Tolna megye
Felsőnyárád	Borsod-Abaúj-Zemplén megye
Felsőnyék	Tolna megye
Felsőörs	Veszprém megye
Felsőpáhok	Zala megye
Felsőpakony	Pest megye
Felsőpetény	Nógrád megye
Felsőrajk	Zala megye
Felsőregmec	Borsod-Abaúj-Zemplén megye
Felsőszenterzsébet	Zala megye
Felsőszentiván	Bács-Kiskun megye
Felsőszentmárton	Baranya megye
Felsőszölnök	Vas megye
Felsőtárkány	Heves megye
Felsőtelekes	Borsod-Abaúj-Zemplén megye
Felsőtold	Nógrád megye
Felsővadász	Borsod-Abaúj-Zemplén megye
Felsőzsolca	Borsod-Abaúj-Zemplén megye
Fényeslitke	Szabolcs-Szatmár-Bereg megye
Fenyőfő	Győr-Moson-Sopron megye
Ferencszállás	Csongrád megye
Fertőboz	Győr-Moson-Sopron megye
Fertőd	Győr-Moson-Sopron megye
Fertőendréd	Győr-Moson-Sopron megye
Fertőhomok	Győr-Moson-Sopron megye
Fertőrákos	Győr-Moson-Sopron megye
Fertőszentmiklós	Győr-Moson-Sopron megye
Fertőszéplak	Győr-Moson-Sopron megye
Fiad	Somogy megye
Filkeháza	Borsod-Abaúj-Zemplén megye
Fityeház	Zala megye
Foktő	Bács-Kiskun megye
Folyás	Hajdú-Bihar megye
Fonó	Somogy megye
Fony	Borsod-Abaúj-Zemplén megye
Fonyód	Somogy megye
Forráskút	Csongrád megye
Forró	Borsod-Abaúj-Zemplén megye
Fót	Pest megye
Földeák	Csongrád megye
Földes	Hajdú-Bihar megye
Főnyed	Somogy megye
Fulókércs	Borsod-Abaúj-Zemplén megye
Furta	Hajdú-Bihar megye
Fügöd	Borsod-Abaúj-Zemplén megye
Füle	Fejér megye
Fülesd	Szabolcs-Szatmár-Bereg megye
Fülöp	Hajdú-Bihar megye
Fülöpháza	Bács-Kiskun megye
Fülöpjakab	Bács-Kiskun megye
Fülöpszállás	Bács-Kiskun megye
Fülpösdaróc	Szabolcs-Szatmár-Bereg megye
Fürged	Tolna megye
Füzér	Borsod-Abaúj-Zemplén megye
Füzérkajata	Borsod-Abaúj-Zemplén megye
Füzérkomlós	Borsod-Abaúj-Zemplén megye
Füzérradvány	Borsod-Abaúj-Zemplén megye
Füzesabony	Heves megye
Füzesgyarmat	Békés megye
Fűzvölgy	Zala megye
Gáborján	Hajdú-Bihar megye
Gáborjánháza	Zala megye
Gacsály	Szabolcs-Szatmár-Bereg megye
Gadács	Somogy megye
Gadány	Somogy megye
Gadna	Borsod-Abaúj-Zemplén megye
Gádoros	Békés megye
Gagyapáti	Borsod-Abaúj-Zemplén megye
Gagybátor	Borsod-Abaúj-Zemplén megye
Gagyvendégi	Borsod-Abaúj-Zemplén megye
Galambok	Zala megye
Galgaguta	Nógrád megye
Galgagyörk	Pest megye
Galgahévíz	Pest megye
Galgamácsa	Pest megye
Gálosfa	Somogy megye
Galvács	Borsod-Abaúj-Zemplén megye
Gamás	Somogy megye
Ganna	Veszprém megye
Gánt	Fejér megye
Gara	Bács-Kiskun megye
Garáb	Nógrád megye
Garabonc	Zala megye
Garadna	Borsod-Abaúj-Zemplén megye
Garbolc	Szabolcs-Szatmár-Bereg megye
Gárdony	Fejér megye
Garé	Baranya megye
Gasztony	Vas megye
Gátér	Bács-Kiskun megye
Gávavencsellő	Szabolcs-Szatmár-Bereg megye
Géberjén	Szabolcs-Szatmár-Bereg megye
Gecse	Veszprém megye
Géderlak	Bács-Kiskun megye
Gégény	Szabolcs-Szatmár-Bereg megye
Gelej	Borsod-Abaúj-Zemplén megye
Gelénes	Szabolcs-Szatmár-Bereg megye
Gellénháza	Zala megye
Gelse	Zala megye
Gelsesziget	Zala megye
Gemzse	Szabolcs-Szatmár-Bereg megye
Gencsapáti	Vas megye
Gérce	Vas megye
Gerde	Baranya megye
Gerendás	Békés megye
Gerényes	Baranya megye
Geresdlak	Baranya megye
Gerjen	Tolna megye
Gersekarát	Vas megye
Geszt	Békés megye
Gesztely	Borsod-Abaúj-Zemplén megye
Geszteréd	Szabolcs-Szatmár-Bereg megye
Gétye	Zala megye
Gibárt	Borsod-Abaúj-Zemplén megye
Gic	Veszprém megye
Gige	Somogy megye
Gilvánfa	Baranya megye
Girincs	Borsod-Abaúj-Zemplén megye
Gógánfa	Veszprém megye
Golop	Borsod-Abaúj-Zemplén megye
Gomba	Pest megye
Gombosszeg	Zala megye
Gór	Vas megye
Gordisa	Baranya megye
Gosztola	Zala megye
Göd	Pest megye
Gödöllő	Pest megye
Gödre	Baranya megye
Gölle	Somogy megye
Gömörszőlős	Borsod-Abaúj-Zemplén megye
Gönc	Borsod-Abaúj-Zemplén megye
Göncruszka	Borsod-Abaúj-Zemplén megye
Gönyű	Győr-Moson-Sopron megye
Görbeháza	Hajdú-Bihar megye
Görcsöny	Baranya megye
Görcsönydoboka	Baranya megye
Görgeteg	Somogy megye
Gősfa	Zala megye
Grábóc	Tolna megye
Gulács	Szabolcs-Szatmár-Bereg megye
Gutorfölde	Zala megye
Gyál	Pest megye
Gyalóka	Győr-Moson-Sopron megye
Gyanógeregye	Vas megye
Gyarmat	Győr-Moson-Sopron megye
Gyékényes	Somogy megye
Gyenesdiás	Zala megye
Gyepükaján	Veszprém megye
Gyermely	Komárom-Esztergom megye
Gyód	Baranya megye
Gyomaendrőd	Békés megye
Gyóró	Győr-Moson-Sopron megye
Gyömöre	Győr-Moson-Sopron megye
Gyömrő	Pest megye
Gyöngyfa	Baranya megye
Gyöngyös	Heves megye
Gyöngyösfalu	Vas megye
Gyöngyöshalász	Heves megye
Gyöngyösmellék	Baranya megye
Gyöngyösoroszi	Heves megye
Gyöngyöspata	Heves megye
Gyöngyössolymos	Heves megye
Gyöngyöstarján	Heves megye
Gyönk	Tolna megye
Győr	Győr-Moson-Sopron megye
Győrasszonyfa	Győr-Moson-Sopron megye
Györe	Tolna megye
Györgytarló	Borsod-Abaúj-Zemplén megye
Györköny	Tolna megye
Győrladamér	Győr-Moson-Sopron megye
Győröcske	Szabolcs-Szatmár-Bereg megye
Győrság	Győr-Moson-Sopron megye
Győrsövényház	Győr-Moson-Sopron megye
Győrszemere	Győr-Moson-Sopron megye
Győrtelek	Szabolcs-Szatmár-Bereg megye
Győrújbarát	Győr-Moson-Sopron megye
Győrújfalu	Győr-Moson-Sopron megye
Győrvár	Vas megye
Győrzámoly	Győr-Moson-Sopron megye
Gyugy	Somogy megye
Gyula	Békés megye
Gyulafirátót	Veszprém megye
Gyulaháza	Szabolcs-Szatmár-Bereg megye
Gyulaj	Tolna megye
Gyulakeszi	Veszprém megye
Gyúró	Fejér megye
Gyügye	Szabolcs-Szatmár-Bereg megye
Gyüre	Szabolcs-Szatmár-Bereg megye
Gyűrűs	Zala megye
Hács	Somogy megye
Hagyárosbörönd	Zala megye
Hahót	Zala megye
Hajdúbagos	Hajdú-Bihar megye
Hajdúböszörmény	Hajdú-Bihar megye
Hajdúdorog	Hajdú-Bihar megye
Hajdúhadház	Hajdú-Bihar megye
Hajdúnánás	Hajdú-Bihar megye
Hajdúsámson	Hajdú-Bihar megye
Hajdúszoboszló	Hajdú-Bihar megye
Hajdúszovát	Hajdú-Bihar megye
Hajmás	Somogy megye
Hajmáskér	Veszprém megye
Hajós	Bács-Kiskun megye
Halastó	Vas megye
Halászi	Győr-Moson-Sopron megye
Halásztelek	Pest megye
Halimba	Veszprém megye
Halmaj	Borsod-Abaúj-Zemplén megye
Halmajugra	Heves megye
Halogy	Vas megye
Hangács	Borsod-Abaúj-Zemplén megye
Hangony	Borsod-Abaúj-Zemplén megye
Hánta	Komárom-Esztergom megye
Hantos	Fejér megye
Harasztifalu	Vas megye
Harc	Tolna megye
Harka	Győr-Moson-Sopron megye
Harkakötöny	Bács-Kiskun megye
Harkány	Baranya megye
Háromfa	Somogy megye
Háromhuta	Borsod-Abaúj-Zemplén megye
Harsány	Borsod-Abaúj-Zemplén megye
Hárskút	Veszprém megye
Harta	Bács-Kiskun megye
Hásságy	Baranya megye
Hatvan	Heves megye
Hédervár	Győr-Moson-Sopron megye
Hedrehely	Somogy megye
Hegyesd	Veszprém megye
Hegyeshalom	Győr-Moson-Sopron megye
Hegyfalu	Vas megye
Hegyháthodász	Vas megye
Hegyhátmaróc	Baranya megye
Hegyhátsál	Vas megye
Hegyhátszentjakab	Vas megye
Hegyhátszentmárton	Vas megye
Hegyhátszentpéter	Vas megye
Hegykő	Győr-Moson-Sopron megye
Hegymagas	Veszprém megye
Hegymeg	Borsod-Abaúj-Zemplén megye
Hegyszentmárton	Baranya megye
Héhalom	Nógrád megye
Hejce	Borsod-Abaúj-Zemplén megye
Hejőbába	Borsod-Abaúj-Zemplén megye
Hejőkeresztúr	Borsod-Abaúj-Zemplén megye
Hejőkürt	Borsod-Abaúj-Zemplén megye
Hejőpapi	Borsod-Abaúj-Zemplén megye
Hejőszalonta	Borsod-Abaúj-Zemplén megye
Helesfa	Baranya megye
Helvécia	Bács-Kiskun megye
Hencida	Hajdú-Bihar megye
Hencse	Somogy megye
Herceghalom	Pest megye
Hercegkút	Borsod-Abaúj-Zemplén megye
Hercegszántó	Bács-Kiskun megye
Heréd	Heves megye
Héreg	Komárom-Esztergom megye
Herencsény	Nógrád megye
Herend	Veszprém megye
Heresznye	Somogy megye
Hermánszeg	Szabolcs-Szatmár-Bereg megye
Hernád	Pest megye
Hernádbűd	Borsod-Abaúj-Zemplén megye
Hernádcéce	Borsod-Abaúj-Zemplén megye
Hernádkak	Borsod-Abaúj-Zemplén megye
Hernádkércs	Borsod-Abaúj-Zemplén megye
Hernádnémeti	Borsod-Abaúj-Zemplén megye
Hernádpetri	Borsod-Abaúj-Zemplén megye
Hernádszentandrás	Borsod-Abaúj-Zemplén megye
Hernádszurdok	Borsod-Abaúj-Zemplén megye
Hernádvécse	Borsod-Abaúj-Zemplén megye
Hernyék	Zala megye
Hét	Borsod-Abaúj-Zemplén megye
Hetefejércse	Szabolcs-Szatmár-Bereg megye
Hetes	Somogy megye
Hetvehely	Baranya megye
Hetyefő	Veszprém megye
Heves	Heves megye
Hevesaranyos	Heves megye
Hevesvezekény	Heves megye
Hévíz	Zala megye
Hévízgyörk	Pest megye
Hidas	Baranya megye
Hidasnémeti	Borsod-Abaúj-Zemplén megye
Hidegkút	Veszprém megye
Hidegség	Győr-Moson-Sopron megye
Hidvégardó	Borsod-Abaúj-Zemplén megye
Himesháza	Baranya megye
Himod	Győr-Moson-Sopron megye
Hirics	Baranya megye
Hobol	Baranya megye
Hodász	Szabolcs-Szatmár-Bereg megye
Hódmezővásárhely	Csongrád megye
Hollád	Somogy megye
Hollóháza	Borsod-Abaúj-Zemplén megye
Hollókő	Nógrád megye
Homokbödöge	Veszprém megye
Homokkomárom	Zala megye
Homokmégy	Bács-Kiskun megye
Homokszentgyörgy	Somogy megye
Homorúd	Baranya megye
Homrogd	Borsod-Abaúj-Zemplén megye
Hont	Nógrád megye
Horpács	Nógrád megye
Hort	Heves megye
Hortobágy	Hajdú-Bihar megye
Horváthertelend	Baranya megye
Horvátlövő	Vas megye
Horvátzsidány	Vas megye
Hosszúhetény	Baranya megye
Hosszúpályi	Hajdú-Bihar megye
Hosszúpereszteg	Vas megye
Hosszúvíz	Somogy megye
Hosszúvölgy	Zala megye
Hosztót	Veszprém megye
Hottó	Zala megye
Hőgyész	Tolna megye
Hövej	Győr-Moson-Sopron megye
Hugyag	Nógrád megye
Hunya	Békés megye
Hunyadfalva	Jász-Nagykun-Szolnok megye
Husztót	Baranya megye
Ibafa	Baranya megye
Iborfia	Zala megye
Ibrány	Szabolcs-Szatmár-Bereg megye
Igal	Somogy megye
Igar	Fejér megye
Igrici	Borsod-Abaúj-Zemplén megye
Iharos	Somogy megye
Iharosberény	Somogy megye
Ikervár	Vas megye
Iklad	Pest megye
Iklanberény	Vas megye
Iklódbördőce	Zala megye
Ikrény	Győr-Moson-Sopron megye
Iliny	Nógrád megye
Ilk	Szabolcs-Szatmár-Bereg megye
Illocska	Baranya megye
Imola	Borsod-Abaúj-Zemplén megye
Imrehegy	Bács-Kiskun megye
Ináncs	Borsod-Abaúj-Zemplén megye
Inárcs	Pest megye
Inke	Somogy megye
Ipacsfa	Baranya megye
Ipolydamásd	Pest megye
Ipolyszög	Nógrád megye
Ipolytarnóc	Nógrád megye
Ipolytölgyes	Pest megye
Ipolyvece	Nógrád megye
Iregszemcse	Tolna megye
Irota	Borsod-Abaúj-Zemplén megye
Isaszeg	Pest megye
Ispánk	Vas megye
Istenmezeje	Heves megye
Istvándi	Somogy megye
Iszkaszentgyörgy	Fejér megye
Iszkáz	Veszprém megye
Isztimér	Fejér megye
Ivád	Heves megye
Iván	Győr-Moson-Sopron megye
Ivánbattyán	Baranya megye
Ivánc	Vas megye
Iváncsa	Fejér megye
Ivándárda	Baranya megye
Izmény	Tolna megye
Izsák	Bács-Kiskun megye
Izsófalva	Borsod-Abaúj-Zemplén megye
Jágónak	Tolna megye
Ják	Vas megye
Jakabháza	Vas megye
Jakabszállás	Bács-Kiskun megye
Jákfa	Vas megye
Jákfalva	Borsod-Abaúj-Zemplén megye
Jákó	Somogy megye
Jánd	Szabolcs-Szatmár-Bereg megye
Jánkmajtis	Szabolcs-Szatmár-Bereg megye
Jánoshalma	Bács-Kiskun megye
Jánosháza	Vas megye
Jánoshida	Jász-Nagykun-Szolnok megye
Jánossomorja	Győr-Moson-Sopron megye
Járdánháza	Borsod-Abaúj-Zemplén megye
Jármi	Szabolcs-Szatmár-Bereg megye
Jásd	Veszprém megye
Jászágó	Jász-Nagykun-Szolnok megye
Jászalsószentgyörgy	Jász-Nagykun-Szolnok megye
Jászapáti	Jász-Nagykun-Szolnok megye
Jászárokszállás	Jász-Nagykun-Szolnok megye
Jászberény	Jász-Nagykun-Szolnok megye
Jászboldogháza	Jász-Nagykun-Szolnok megye
Jászdózsa	Jász-Nagykun-Szolnok megye
Jászfelsőszentgyörgy	Jász-Nagykun-Szolnok megye
Jászfényszaru	Jász-Nagykun-Szolnok megye
Jászivány	Jász-Nagykun-Szolnok megye
Jászjákóhalma	Jász-Nagykun-Szolnok megye
Jászkarajenő	Pest megye
Jászkisér	Jász-Nagykun-Szolnok megye
Jászladány	Jász-Nagykun-Szolnok megye
Jászszentandrás	Jász-Nagykun-Szolnok megye
Jászszentlászló	Bács-Kiskun megye
Jásztelek	Jász-Nagykun-Szolnok megye
Jéke	Szabolcs-Szatmár-Bereg megye
Jenő	Fejér megye
Jobaháza	Győr-Moson-Sopron megye
Jobbágyi	Nógrád megye
Jósvafő	Borsod-Abaúj-Zemplén megye
Juta	Somogy megye
Kaba	Hajdú-Bihar megye
Kacorlak	Zala megye
Kács	Borsod-Abaúj-Zemplén megye
Kacsóta	Baranya megye
Kadarkút	Somogy megye
Kajárpéc	Győr-Moson-Sopron megye
Kajászó	Fejér megye
Kajdacs	Tolna megye
Kakasd	Tolna megye
Kákics	Baranya megye
Kakucs	Pest megye
Kál	Heves megye
Kalaznó	Tolna megye
Káld	Vas megye
Kálló	Nógrád megye
Kallósd	Zala megye
Kállósemjén	Szabolcs-Szatmár-Bereg megye
Kálmáncsa	Somogy megye
Kálmánháza	Szabolcs-Szatmár-Bereg megye
Kálócfa	Zala megye
Kalocsa	Bács-Kiskun megye
Káloz	Fejér megye
Kám	Vas megye
Kamond	Veszprém megye
Kamut	Békés megye
Kánó	Borsod-Abaúj-Zemplén megye
Kántorjánosi	Szabolcs-Szatmár-Bereg megye
Kány	Borsod-Abaúj-Zemplén megye
Kánya	Somogy megye
Kányavár	Zala megye
Kapolcs	Veszprém megye
Kápolna	Heves megye
Kápolnásnyék	Fejér megye
Kapoly	Somogy megye
Kaposfő	Somogy megye
Kaposgyarmat	Somogy megye
Kaposhomok	Somogy megye
Kaposkeresztúr	Somogy megye
Kaposmérő	Somogy megye
Kapospula	Tolna megye
Kaposszekcső	Tolna megye
Kaposszerdahely	Somogy megye
Kaposújlak	Somogy megye
Kaposvár	Somogy megye
Káptalanfa	Veszprém megye
Káptalantóti	Veszprém megye
Kapuvár	Győr-Moson-Sopron megye
Kára	Somogy megye
Karácsond	Heves megye
Karád	Somogy megye
Karakó	Vas megye
Karakószörcsök	Veszprém megye
Karancsalja	Nógrád megye
Karancsberény	Nógrád megye
Karancskeszi	Nógrád megye
Karancslapujtő	Nógrád megye
Karancsság	Nógrád megye
Kárász	Baranya megye
Karcag	Jász-Nagykun-Szolnok megye
Karcsa	Borsod-Abaúj-Zemplén megye
Kardos	Békés megye
Kardoskút	Békés megye
Karmacs	Zala megye
Károlyháza	Győr-Moson-Sopron megye
Karos	Borsod-Abaúj-Zemplén megye
Kartal	Pest megye
Kásád	Baranya megye
Kaskantyú	Bács-Kiskun megye
Kastélyosdombó	Somogy megye
Kaszaper	Békés megye
Kaszó	Somogy megye
Katádfa	Baranya megye
Katafa	Vas megye
Kátoly	Baranya megye
Katymár	Bács-Kiskun megye
Káva	Pest megye
Kávás	Zala megye
Kazár	Nógrád megye
Kazincbarcika	Borsod-Abaúj-Zemplén megye
Kázsmárk	Borsod-Abaúj-Zemplén megye
Kazsok	Somogy megye
Kecel	Bács-Kiskun megye
Kecskéd	Komárom-Esztergom megye
Kecskemét	Bács-Kiskun megye
Kehidakustány	Zala megye
Kék	Szabolcs-Szatmár-Bereg megye
Kékcse	Szabolcs-Szatmár-Bereg megye
Kéked	Borsod-Abaúj-Zemplén megye
Kékesd	Baranya megye
Kékkút	Veszprém megye
Kelebia	Bács-Kiskun megye
Keléd	Vas megye
Kelemér	Borsod-Abaúj-Zemplén megye
Kéleshalom	Bács-Kiskun megye
Kelevíz	Somogy megye
Kemecse	Szabolcs-Szatmár-Bereg megye
Kemence	Pest megye
Kemendollár	Zala megye
Kemeneshőgyész	Veszprém megye
Kemeneskápolna	Vas megye
Kemenesmagasi	Vas megye
Kemenesmihályfa	Vas megye
Kemenespálfa	Vas megye
Kemenessömjén	Vas megye
Kemenesszentmárton	Vas megye
Kemenesszentpéter	Veszprém megye
Keménfa	Zala megye
Kémes	Baranya megye
Kemestaródfa	Vas megye
Kemse	Baranya megye
Kenderes	Jász-Nagykun-Szolnok megye
Kenéz	Vas megye
Kenézlő	Borsod-Abaúj-Zemplén megye
Kengyel	Jász-Nagykun-Szolnok megye
Kenyeri	Vas megye
Kercaszomor	Vas megye
Kercseliget	Somogy megye
Kerecsend	Heves megye
Kerecseny	Zala megye
Kerekegyháza	Bács-Kiskun megye
Kerekharaszt	Heves megye
Kereki	Somogy megye
Kerékteleki	Komárom-Esztergom megye
Kerepes	Pest megye
Keresztéte	Borsod-Abaúj-Zemplén megye
Kerkabarabás	Zala megye
Kerkafalva	Zala megye
Kerkakutas	Zala megye
Kerkáskápolna	Vas megye
Kerkaszentkirály	Zala megye
Kerkateskánd	Zala megye
Kérsemjén	Szabolcs-Szatmár-Bereg megye
Kerta	Veszprém megye
Kertészsziget	Békés megye
Keszeg	Nógrád megye
Kesznyéten	Borsod-Abaúj-Zemplén megye
Keszőhidegkút	Tolna megye
Keszthely	Zala megye
Kesztölc	Komárom-Esztergom megye
Keszü	Baranya megye
Kétbodony	Nógrád megye
Kétegyháza	Békés megye
Kéthely	Somogy megye
Kétpó	Jász-Nagykun-Szolnok megye
Kétsoprony	Békés megye
Kétújfalu	Baranya megye
Kétvölgy	Vas megye
Kéty	Tolna megye
Kevermes	Békés megye
Kilimán	Zala megye
Kimle	Győr-Moson-Sopron megye
Kincsesbánya	Fejér megye
Királd	Borsod-Abaúj-Zemplén megye
Királyegyháza	Baranya megye
Királyhegyes	Csongrád megye
Királyszentistván	Veszprém megye
Kisapáti	Veszprém megye
Kisapostag	Fejér megye
Kisar	Szabolcs-Szatmár-Bereg megye
Kisasszond	Somogy megye
Kisasszonyfa	Baranya megye
Kisbabot	Győr-Moson-Sopron megye
Kisbágyon	Nógrád megye
Kisbajcs	Győr-Moson-Sopron megye
Kisbajom	Somogy megye
Kisbárapáti	Somogy megye
Kisbárkány	Nógrád megye
Kisbér	Komárom-Esztergom megye
Kisberény	Somogy megye
Kisberzseny	Veszprém megye
Kisbeszterce	Baranya megye
Kisbodak	Győr-Moson-Sopron megye
Kisbucsa	Zala megye
Kisbudmér	Baranya megye
Kiscsécs	Borsod-Abaúj-Zemplén megye
Kiscsehi	Zala megye
Kiscsősz	Veszprém megye
Kisdér	Baranya megye
Kisdobsza	Baranya megye
Kisdombegyház	Békés megye
Kisdorog	Tolna megye
Kisecset	Nógrád megye
Kisfalud	Győr-Moson-Sopron megye
Kisfüzes	Heves megye
Kisgörbő	Zala megye
Kisgyalán	Somogy megye
Kisgyőr	Borsod-Abaúj-Zemplén megye
Kishajmás	Baranya megye
Kisharsány	Baranya megye
Kishartyán	Nógrád megye
Kisherend	Baranya megye
Kishódos	Szabolcs-Szatmár-Bereg megye
Kishuta	Borsod-Abaúj-Zemplén megye
Kisigmánd	Komárom-Esztergom megye
Kisjakabfalva	Baranya megye
Kiskassa	Baranya megye
Kiskinizs	Borsod-Abaúj-Zemplén megye
Kiskorpád	Somogy megye
Kisköre	Heves megye
Kiskőrös	Bács-Kiskun megye
Kiskunfélegyháza	Bács-Kiskun megye
Kiskunhalas	Bács-Kiskun megye
Kiskunlacháza	Pest megye
Kiskunmajsa	Bács-Kiskun megye
Kiskutas	Zala megye
Kisláng	Fejér megye
Kisléta	Szabolcs-Szatmár-Bereg megye
Kislippó	Baranya megye
Kislőd	Veszprém megye
Kismányok	Tolna megye
Kismarja	Hajdú-Bihar megye
Kismaros	Pest megye
Kisnamény	Szabolcs-Szatmár-Bereg megye
Kisnána	Heves megye
Kisnémedi	Pest megye
Kisnyárád	Baranya megye
Kisoroszi	Pest megye
Kispalád	Szabolcs-Szatmár-Bereg megye
Kispáli	Zala megye
Kispirit	Veszprém megye
Kisrákos	Vas megye
Kisrécse	Zala megye
Kisrozvágy	Borsod-Abaúj-Zemplén megye
Kissikátor	Borsod-Abaúj-Zemplén megye
Kissomlyó	Vas megye
Kisszállás	Bács-Kiskun megye
Kisszékely	Tolna megye
Kisszekeres	Szabolcs-Szatmár-Bereg megye
Kisszentmárton	Baranya megye
Kissziget	Zala megye
Kisszőlős	Veszprém megye
Kistamási	Baranya megye
Kistapolca	Baranya megye
Kistarcsa	Pest megye
Kistelek	Csongrád megye
Kistokaj	Borsod-Abaúj-Zemplén megye
Kistolmács	Zala megye
Kistormás	Tolna megye
Kistótfalu	Baranya megye
Kisújszállás	Jász-Nagykun-Szolnok megye
Kisunyom	Vas megye
Kisvárda	Szabolcs-Szatmár-Bereg megye
Kisvarsány	Szabolcs-Szatmár-Bereg megye
Kisvásárhely	Zala megye
Kisvaszar	Baranya megye
Kisvejke	Tolna megye
Kiszombor	Csongrád megye
Kiszsidány	Vas megye
Klárafalva	Csongrád megye
Kocs	Komárom-Esztergom megye
Kocsér	Pest megye
Kocsola	Tolna megye
Kocsord	Szabolcs-Szatmár-Bereg megye
Kóka	Pest megye
Kokad	Hajdú-Bihar megye
Kolontár	Veszprém megye
Komádi	Hajdú-Bihar megye
Komárom	Komárom-Esztergom megye
Komjáti	Borsod-Abaúj-Zemplén megye
Komló	Baranya megye
Komlódtótfalu	Szabolcs-Szatmár-Bereg megye
Komlósd	Somogy megye
Komlóska	Borsod-Abaúj-Zemplén megye
Komoró	Szabolcs-Szatmár-Bereg megye
Kompolt	Heves megye
Kondó	Borsod-Abaúj-Zemplén megye
Kondorfa	Vas megye
Kondoros	Békés megye
Kóny	Győr-Moson-Sopron megye
Konyár	Hajdú-Bihar megye
Kópháza	Győr-Moson-Sopron megye
Koppányszántó	Tolna megye
Korlát	Borsod-Abaúj-Zemplén megye
Koroncó	Győr-Moson-Sopron megye
Kórós	Baranya megye
Kosd	Pest megye
Kóspallag	Pest megye
Kótaj	Szabolcs-Szatmár-Bereg megye
Kovácshida	Baranya megye
Kovácsszénája	Baranya megye
Kovácsvágás	Borsod-Abaúj-Zemplén megye
Kozárd	Nógrád megye
Kozármisleny	Baranya megye
Kozmadombja	Zala megye
Köblény	Baranya megye
Köcsk	Vas megye
Kökény	Baranya megye
Kőkút	Somogy megye
Kölcse	Szabolcs-Szatmár-Bereg megye
Kölesd	Tolna megye
Kölked	Baranya megye
Kömlő	Heves megye
Kömlőd	Komárom-Esztergom megye
Kömörő	Szabolcs-Szatmár-Bereg megye
Kömpöc	Bács-Kiskun megye
Körmend	Vas megye
Környe	Komárom-Esztergom megye
Köröm	Borsod-Abaúj-Zemplén megye
Kőröshegy	Somogy megye
Körösladány	Békés megye
Körösnagyharsány	Békés megye
Körösszakál	Hajdú-Bihar megye
Körösszegapáti	Hajdú-Bihar megye
Köröstarcsa	Békés megye
Kőröstetétlen	Pest megye
Körösújfalu	Békés megye
Kőszárhegy	Fejér megye
Kőszeg	Vas megye
Kőszegdoroszló	Vas megye
Kőszegpaty	Vas megye
Kőszegszerdahely	Vas megye
Kötcse	Somogy megye
Kötegyán	Békés megye
Kőtelek	Jász-Nagykun-Szolnok megye
Kővágóörs	Veszprém megye
Kővágószőlős	Baranya megye
Kővágótöttös	Baranya megye
Kövegy	Csongrád megye
Köveskál	Veszprém megye
Krasznokvajda	Borsod-Abaúj-Zemplén megye
Kulcs	Fejér megye
Kunadacs	Bács-Kiskun megye
Kunágota	Békés megye
Kunbaja	Bács-Kiskun megye
Kunbaracs	Bács-Kiskun megye
Kuncsorba	Jász-Nagykun-Szolnok megye
Kunfehértó	Bács-Kiskun megye
Kunhegyes	Jász-Nagykun-Szolnok megye
Kunmadaras	Jász-Nagykun-Szolnok megye
Kunpeszér	Bács-Kiskun megye
Kunszállás	Bács-Kiskun megye
Kunszentmárton	Jász-Nagykun-Szolnok megye
Kunszentmiklós	Bács-Kiskun megye
Kunsziget	Győr-Moson-Sopron megye
Kup	Veszprém megye
Kupa	Borsod-Abaúj-Zemplén megye
Kurd	Tolna megye
Kurityán	Borsod-Abaúj-Zemplén megye
Kustánszeg	Zala megye
Kutas	Somogy megye
Kutasó	Nógrád megye
Kübekháza	Csongrád megye
Külsősárd	Zala megye
Külsővat	Veszprém megye
Küngös	Veszprém megye
Lábatlan	Komárom-Esztergom megye
Lábod	Somogy megye
Lácacséke	Borsod-Abaúj-Zemplén megye
Lad	Somogy megye
Ladánybene	Bács-Kiskun megye
Ládbesenyő	Borsod-Abaúj-Zemplén megye
Lajoskomárom	Fejér megye
Lajosmizse	Bács-Kiskun megye
Lak	Borsod-Abaúj-Zemplén megye
Lakhegy	Zala megye
Lakitelek	Bács-Kiskun megye
Lakócsa	Somogy megye
Lánycsók	Baranya megye
Lápafő	Tolna megye
Lapáncsa	Baranya megye
Laskod	Szabolcs-Szatmár-Bereg megye
Lasztonya	Zala megye
Látrány	Somogy megye
Lázi	Győr-Moson-Sopron megye
Leányfalu	Pest megye
Leányvár	Komárom-Esztergom megye
Lébény	Győr-Moson-Sopron megye
Legénd	Nógrád megye
Legyesbénye	Borsod-Abaúj-Zemplén megye
Léh	Borsod-Abaúj-Zemplén megye
Lénárddaróc	Borsod-Abaúj-Zemplén megye
Lendvadedes	Zala megye
Lendvajakabfa	Zala megye
Lengyel	Tolna megye
Lengyeltóti	Somogy megye
Lenti	Zala megye
Lepsény	Fejér megye
Lesencefalu	Veszprém megye
Lesenceistvánd	Veszprém megye
Lesencetomaj	Veszprém megye
Létavértes	Hajdú-Bihar megye
Letenye	Zala megye
Letkés	Pest megye
Levél	Győr-Moson-Sopron megye
Levelek	Szabolcs-Szatmár-Bereg megye
Libickozma	Somogy megye
Lickóvadamos	Zala megye
Liget	Baranya megye
Ligetfalva	Zala megye
Lipót	Győr-Moson-Sopron megye
Lippó	Baranya megye
Liptód	Baranya megye
Lispeszentadorján	Zala megye
Liszó	Zala megye
Litér	Veszprém megye
Litka	Borsod-Abaúj-Zemplén megye
Litke	Nógrád megye
Lócs	Vas megye
Lókút	Veszprém megye
Lónya	Szabolcs-Szatmár-Bereg megye
Lórév	Pest megye
Lothárd	Baranya megye
Lovas	Veszprém megye
Lovasberény	Fejér megye
Lovászhetény	Baranya megye
Lovászi	Zala megye
Lovászpatona	Veszprém megye
Lőkösháza	Békés megye
Lőrinci	Heves megye
Lövő	Győr-Moson-Sopron megye
Lövőpetri	Szabolcs-Szatmár-Bereg megye
Lucfalva	Nógrád megye
Ludányhalászi	Nógrád megye
Ludas	Heves megye
Lukácsháza	Vas megye
Lulla	Somogy megye
Lúzsok	Baranya megye
Mád	Borsod-Abaúj-Zemplén megye
Madaras	Bács-Kiskun megye
Madocsa	Tolna megye
Maglóca	Győr-Moson-Sopron megye
Maglód	Pest megye
Mágocs	Baranya megye
Magosliget	Szabolcs-Szatmár-Bereg megye
Magy	Szabolcs-Szatmár-Bereg megye
Magyaralmás	Fejér megye
Magyaratád	Somogy megye
Magyarbánhegyes	Békés megye
Magyarbóly	Baranya megye
Magyarcsanád	Csongrád megye
Magyardombegyház	Békés megye
Magyaregregy	Baranya megye
Magyaregres	Somogy megye
Magyarföld	Zala megye
Magyargéc	Nógrád megye
Magyargencs	Veszprém megye
Magyarhertelend	Baranya megye
Magyarhomorog	Hajdú-Bihar megye
Magyarkeresztúr	Győr-Moson-Sopron megye
Magyarkeszi	Tolna megye
Magyarlak	Vas megye
Magyarlukafa	Baranya megye
Magyarmecske	Baranya megye
Magyarnádalja	Vas megye
Magyarnándor	Nógrád megye
Magyarpolány	Veszprém megye
Magyarsarlós	Baranya megye
Magyarszecsőd	Vas megye
Magyarszék	Baranya megye
Magyarszentmiklós	Zala megye
Magyarszerdahely	Zala megye
Magyarszombatfa	Vas megye
Magyartelek	Baranya megye
Majosháza	Pest megye
Majs	Baranya megye
Makád	Pest megye
Makkoshotyka	Borsod-Abaúj-Zemplén megye
Maklár	Heves megye
Makó	Csongrád megye
Malomsok	Veszprém megye
Mályi	Borsod-Abaúj-Zemplén megye
Mályinka	Borsod-Abaúj-Zemplén megye
Mánd	Szabolcs-Szatmár-Bereg megye
Mándok	Szabolcs-Szatmár-Bereg megye
Mánfa	Baranya megye
Mány	Fejér megye
Maráza	Baranya megye
Marcalgergelyi	Veszprém megye
Marcali	Somogy megye
Marcaltő	Veszprém megye
Márfa	Baranya megye
Máriahalom	Komárom-Esztergom megye
Máriakálnok	Győr-Moson-Sopron megye
Máriakéménd	Baranya megye
Márianosztra	Pest megye
Máriapócs	Szabolcs-Szatmár-Bereg megye
Máriaújfalu	Vas megye
Markaz	Heves megye
Márkháza	Nógrád megye
Márkó	Veszprém megye
Markóc	Baranya megye
Markotabödöge	Győr-Moson-Sopron megye
Maróc	Zala megye
Marócsa	Baranya megye
Márok	Baranya megye
Márokföld	Zala megye
Márokpapi	Szabolcs-Szatmár-Bereg megye
Maroslele	Csongrád megye
Mártély	Csongrád megye
Martfű	Jász-Nagykun-Szolnok megye
Martonfa	Baranya megye
Martonvásár	Fejér megye
Martonyi	Borsod-Abaúj-Zemplén megye
Mátészalka	Szabolcs-Szatmár-Bereg megye
Mátételke	Bács-Kiskun megye
Mátraballa	Heves megye
Mátraderecske	Heves megye
Mátramindszent	Nógrád megye
Mátranovák	Nógrád megye
Mátraszele	Nógrád megye
Mátraszentimre	Heves megye
Mátraszőlős	Nógrád megye
Mátraterenye	Nógrád megye
Mátraverebély	Nógrád megye
Matty	Baranya megye
Mátyásdomb	Fejér megye
Mátyus	Szabolcs-Szatmár-Bereg megye
Máza	Baranya megye
Mecseknádasd	Baranya megye
Mecsekpölöske	Baranya megye
Mecsér	Győr-Moson-Sopron megye
Medgyesbodzás	Békés megye
Medgyesegyháza	Békés megye
Medina	Tolna megye
Meggyeskovácsi	Vas megye
Megyaszó	Borsod-Abaúj-Zemplén megye
Megyehíd	Vas megye
Megyer	Veszprém megye
Méhkerék	Békés megye
Méhtelek	Szabolcs-Szatmár-Bereg megye
Mekényes	Baranya megye
Mélykút	Bács-Kiskun megye
Mencshely	Veszprém megye
Mende	Pest megye
Méra	Borsod-Abaúj-Zemplén megye
Merenye	Baranya megye
Mérges	Győr-Moson-Sopron megye
Mérk	Szabolcs-Szatmár-Bereg megye
Mernye	Somogy megye
Mersevát	Vas megye
Mesterháza	Vas megye
Mesteri	Vas megye
Mesterszállás	Jász-Nagykun-Szolnok megye
Meszes	Borsod-Abaúj-Zemplén megye
Meszlen	Vas megye
Mesztegnyő	Somogy megye
Mezőberény	Békés megye
Mezőcsát	Borsod-Abaúj-Zemplén megye
Mezőcsokonya	Somogy megye
Meződ	Baranya megye
Mezőfalva	Fejér megye
Mezőgyán	Békés megye
Mezőhegyes	Békés megye
Mezőhék	Jász-Nagykun-Szolnok megye
Mezőkeresztes	Borsod-Abaúj-Zemplén megye
Mezőkomárom	Fejér megye
Mezőkovácsháza	Békés megye
Mezőkövesd	Borsod-Abaúj-Zemplén megye
Mezőladány	Szabolcs-Szatmár-Bereg megye
Mezőlak	Veszprém megye
Mezőnagymihály	Borsod-Abaúj-Zemplén megye
Mezőnyárád	Borsod-Abaúj-Zemplén megye
Mezőörs	Győr-Moson-Sopron megye
Mezőpeterd	Hajdú-Bihar megye
Mezősas	Hajdú-Bihar megye
Mezőszemere	Heves megye
Mezőszentgyörgy	Fejér megye
Mezőszilas	Fejér megye
Mezőtárkány	Heves megye
Mezőtúr	Jász-Nagykun-Szolnok megye
Mezőzombor	Borsod-Abaúj-Zemplén megye
Miháld	Zala megye
Mihályfa	Zala megye
Mihálygerge	Nógrád megye
Mihályháza	Veszprém megye
Mihályi	Győr-Moson-Sopron megye
Mike	Somogy megye
Mikebuda	Pest megye
Mikekarácsonyfa	Zala megye
Mikepércs	Hajdú-Bihar megye
Miklósfa	Zala megye
Miklósi	Somogy megye
Mikófalva	Heves megye
Mikóháza	Borsod-Abaúj-Zemplén megye
Mikosszéplak	Vas megye
Milejszeg	Zala megye
Milota	Szabolcs-Szatmár-Bereg megye
Mindszent	Csongrád megye
Mindszentgodisa	Baranya megye
Mindszentkálla	Veszprém megye
Misefa	Zala megye
Miske	Bács-Kiskun megye
Miskolc	Borsod-Abaúj-Zemplén megye
Miszla	Tolna megye
Mocsa	Komárom-Esztergom megye
Mogyoród	Pest megye
Mogyorósbánya	Komárom-Esztergom megye
Mogyoróska	Borsod-Abaúj-Zemplén megye
Moha	Fejér megye
Mohács	Baranya megye
Mohora	Nógrád megye
Molnári	Zala megye
Molnaszecsőd	Vas megye
Molvány	Baranya megye
Monaj	Borsod-Abaúj-Zemplén megye
Monok	Borsod-Abaúj-Zemplén megye
Monor	Pest megye
Monorierdő	Pest megye
Mónosbél	Heves megye
Monostorapáti	Veszprém megye
Monostorpályi	Hajdú-Bihar megye
Monoszló	Veszprém megye
Monyoród	Baranya megye
Mór	Fejér megye
Mórágy	Tolna megye
Mórahalom	Csongrád megye
Móricgát	Bács-Kiskun megye
Mórichida	Győr-Moson-Sopron megye
Mosdós	Somogy megye
Mosonmagyaróvár	Győr-Moson-Sopron megye
Mosonszentmiklós	Győr-Moson-Sopron megye
Mosonszolnok	Győr-Moson-Sopron megye
Mosonudvar	Győr-Moson-Sopron megye
Mozsgó	Baranya megye
Mőcsény	Tolna megye
Mözs	Tolna megye
Mucsfa	Tolna megye
Mucsi	Tolna megye
Múcsony	Borsod-Abaúj-Zemplén megye
Muhi	Borsod-Abaúj-Zemplén megye
Murakeresztúr	Zala megye
Murarátka	Zala megye
Muraszemenye	Zala megye
Murga	Tolna megye
Murony	Békés megye
Nábrád	Szabolcs-Szatmár-Bereg megye
Nadap	Fejér megye
Nádasd	Vas megye
Ásványráró	Győr-Moson-Sopron megye
Aszaló	Borsod-Abaúj-Zemplén megye
Ászár	Komárom-Esztergom megye
Aszód	Pest megye
Aszófő	Veszprém megye
Áta	Baranya megye
Átány	Heves megye
Atkár	Heves megye
Attala	Tolna megye
Babarc	Baranya megye
Babarcszőlős	Baranya megye
Babócsa	Somogy megye
Bábolna	Komárom-Esztergom megye
Bábonymegyer	Somogy megye
Babosdöbréte	Zala megye
Babót	Győr-Moson-Sopron megye
Bácsalmás	Bács-Kiskun megye
Bácsbokod	Bács-Kiskun megye
Bácsborsód	Bács-Kiskun megye
Bácsszentgyörgy	Bács-Kiskun megye
Bácsszőlős	Bács-Kiskun megye
Badacsonytomaj	Veszprém megye
Badacsonytördemic	Veszprém megye
Bag	Pest megye
Bagamér	Hajdú-Bihar megye
Baglad	Zala megye
Bagod	Zala megye
Bagola	Zala megye
Bágyogszovát	Győr-Moson-Sopron megye
Baj	Komárom-Esztergom megye
Baja	Bács-Kiskun megye
Bajánsenye	Vas megye
Bajcsa	Zala megye
Bajna	Komárom-Esztergom megye
Bajót	Komárom-Esztergom megye
Bak	Zala megye
Bakháza	Somogy megye
Bakóca	Baranya megye
Bakonszeg	Hajdú-Bihar megye
Bakonya	Baranya megye
Bakonybánk	Komárom-Esztergom megye
Bakonybél	Veszprém megye
Bakonycsernye	Fejér megye
Bakonygyirót	Győr-Moson-Sopron megye
Bakonyjákó	Veszprém megye
Bakonykoppány	Veszprém megye
Bakonykúti	Fejér megye
Bakonynána	Veszprém megye
Bakonyoszlop	Veszprém megye
Bakonypéterd	Győr-Moson-Sopron megye
Bakonypölöske	Veszprém megye
Bakonyság	Veszprém megye
Bakonysárkány	Komárom-Esztergom megye
Bakonyszentiván	Veszprém megye
Bakonyszentkirály	Veszprém megye
Bakonyszentlászló	Győr-Moson-Sopron megye
Bakonyszombathely	Komárom-Esztergom megye
Bakonyszücs	Veszprém megye
Bakonytamási	Veszprém megye
Baks	Csongrád megye
Baksa	Baranya megye
Baktakék	Borsod-Abaúj-Zemplén megye
Baktalórántháza	Szabolcs-Szatmár-Bereg megye
Baktüttös	Zala megye
Balajt	Borsod-Abaúj-Zemplén megye
Balassagyarmat	Nógrád megye
Balástya	Csongrád megye
Balaton	Heves megye
Balatonakali	Veszprém megye
Balatonakarattya	Veszprém megye
Balatonalmádi	Veszprém megye
Balatonberény	Somogy megye
Balatonboglár	Somogy megye
Balatoncsicsó	Veszprém megye
Balatonederics	Veszprém megye
Balatonendréd	Somogy megye
Balatonfenyves	Somogy megye
Balatonfőkajár	Veszprém megye
Balatonföldvár	Somogy megye
Balatonfüred	Veszprém megye
Balatonfűzfő	Veszprém megye
Balatongyörök	Zala megye
Balatonhenye	Veszprém megye
Balatonkenese	Veszprém megye
Balatonkeresztúr	Somogy megye
Balatonlelle	Somogy megye
Balatonmagyaród	Zala megye
Balatonmáriafürdő	Somogy megye
Balatonőszöd	Somogy megye
Balatonrendes	Veszprém megye
Balatonszabadi	Somogy megye
Balatonszárszó	Somogy megye
Balatonszemes	Somogy megye
Balatonszentgyörgy	Somogy megye
Balatonszepezd	Veszprém megye
Balatonszőlős	Veszprém megye
Balatonudvari	Veszprém megye
Balatonújlak	Somogy megye
Balatonvilágos	Somogy megye
Balf	Győr-Moson-Sopron megye
Balinka	Fejér megye
Balkány	Szabolcs-Szatmár-Bereg megye
Ballószög	Bács-Kiskun megye
Balmazújváros	Hajdú-Bihar megye
Balogunyom	Vas megye
Balotaszállás	Bács-Kiskun megye
Balsa	Szabolcs-Szatmár-Bereg megye
Bálványos	Somogy megye
Bana	Komárom-Esztergom megye
Bánd	Veszprém megye
Bánfa	Baranya megye
Bánhorváti	Borsod-Abaúj-Zemplén megye
Bánk	Nógrád megye
Bánokszentgyörgy	Zala megye
Bánréve	Borsod-Abaúj-Zemplén megye
Bár	Baranya megye
Barabás	Szabolcs-Szatmár-Bereg megye
Baracs	Fejér megye
Baracska	Fejér megye
Báránd	Hajdú-Bihar megye
Baranyahídvég	Baranya megye
Baranyajenő	Baranya megye
Baranyaszentgyörgy	Baranya megye
Barbacs	Győr-Moson-Sopron megye
Barcs	Somogy megye
Bárdudvarnok	Somogy megye
Barlahida	Zala megye
Bárna	Nógrád megye
Barnag	Veszprém megye
Bársonyos	Komárom-Esztergom megye
Basal	Baranya megye
Baskó	Borsod-Abaúj-Zemplén megye
Báta	Tolna megye
Bátaapáti	Tolna megye
Aba	Fejér megye
Abádszalók	Jász-Nagykun-Szolnok megye
Abaliget	Baranya megye
Abasár	Heves megye
Abaújalpár	Borsod-Abaúj-Zemplén megye
Abaújdevecser	Borsod-Abaúj-Zemplén megye
Abaújkér	Borsod-Abaúj-Zemplén megye
Abaújlak	Borsod-Abaúj-Zemplén megye
Abaújszántó	Borsod-Abaúj-Zemplén megye
Abaújszolnok	Borsod-Abaúj-Zemplén megye
Abaújvár	Borsod-Abaúj-Zemplén megye
Abda	Győr-Moson-Sopron megye
Abod	Borsod-Abaúj-Zemplén megye
Abony	Pest megye
Ábrahámhegy	Veszprém megye
Ács	Komárom-Esztergom megye
Acsa	Pest megye
Acsád	Vas megye
Acsalag	Győr-Moson-Sopron megye
Ácsteszér	Komárom-Esztergom megye
Adács	Heves megye
Ádánd	Somogy megye
Adásztevel	Veszprém megye
Adony	Fejér megye
Adorjánháza	Veszprém megye
Adorjás	Baranya megye
Ág	Baranya megye
Ágasegyháza	Bács-Kiskun megye
Ágfalva	Győr-Moson-Sopron megye
Aggtelek	Borsod-Abaúj-Zemplén megye
Agostyán	Komárom-Esztergom megye
Agyagosszergény	Győr-Moson-Sopron megye
Ajak	Szabolcs-Szatmár-Bereg megye
Ajka	Veszprém megye
Aka	Komárom-Esztergom megye
Akasztó	Bács-Kiskun megye
Alacska	Borsod-Abaúj-Zemplén megye
Alap	Fejér megye
Alattyán	Jász-Nagykun-Szolnok megye
Albertirsa	Pest megye
Alcsútdoboz	Fejér megye
Aldebrő	Heves megye
Algyő	Csongrád megye
Alibánfa	Zala megye
Almamellék	Baranya megye
Almásfüzitő	Komárom-Esztergom megye
Almásháza	Zala megye
Almáskamarás	Békés megye
Almáskeresztúr	Baranya megye
Álmosd	Hajdú-Bihar megye
Alsóberecki	Borsod-Abaúj-Zemplén megye
Alsóbogát	Somogy megye
Alsódobsza	Borsod-Abaúj-Zemplén megye
Alsógagy	Borsod-Abaúj-Zemplén megye
Alsómocsolád	Baranya megye
Alsónána	Tolna megye
Alsónémedi	Pest megye
Alsónemesapáti	Zala megye
Alsónyék	Tolna megye
Alsóörs	Veszprém megye
Alsópáhok	Zala megye
Alsópetény	Nógrád megye
Alsórajk	Zala megye
Alsóregmec	Borsod-Abaúj-Zemplén megye
Alsószenterzsébet	Zala megye
Alsószentiván	Fejér megye
Alsószentmárton	Baranya megye
Alsószölnök	Vas megye
Alsószuha	Borsod-Abaúj-Zemplén megye
Alsótelekes	Borsod-Abaúj-Zemplén megye
Alsótold	Nógrád megye
Alsóújlak	Vas megye
Alsóvadász	Borsod-Abaúj-Zemplén megye
Alsózsolca	Borsod-Abaúj-Zemplén megye
Ambrózfalva	Csongrád megye
Anarcs	Szabolcs-Szatmár-Bereg megye
Andocs	Somogy megye
Andornaktálya	Heves megye
Andrásfa	Vas megye
Annavölgy	Komárom-Esztergom megye
Apácatorna	Veszprém megye
Apagy	Szabolcs-Szatmár-Bereg megye
Apaj	Pest megye
Aparhant	Tolna megye
Apátfalva	Csongrád megye
Apátistvánfalva	Vas megye
Apátvarasd	Baranya megye
Apc	Heves megye
Áporka	Pest megye
Apostag	Bács-Kiskun megye
Aranyosapáti	Szabolcs-Szatmár-Bereg megye
Aranyosgadány	Baranya megye
Arka	Borsod-Abaúj-Zemplén megye
Arló	Borsod-Abaúj-Zemplén megye
Arnót	Borsod-Abaúj-Zemplén megye
Ároktő	Borsod-Abaúj-Zemplén megye
Árpádhalom	Csongrád megye
Árpás	Győr-Moson-Sopron megye
Ártánd	Hajdú-Bihar megye
Ásotthalom	Csongrád megye
Bátaszék	Tolna megye
Baté	Somogy megye
Bátmonostor	Bács-Kiskun megye
Bátonyterenye	Nógrád megye
Bátor	Heves megye
Bátorliget	Szabolcs-Szatmár-Bereg megye
Battonya	Békés megye
Bátya	Bács-Kiskun megye
Batyk	Zala megye
Bázakerettye	Zala megye
Bazsi	Veszprém megye
Béb	Veszprém megye
Becsehely	Zala megye
Becske	Nógrád megye
Becskeháza	Borsod-Abaúj-Zemplén megye
Becsvölgye	Zala megye
Bedegkér	Somogy megye
Bedő	Hajdú-Bihar megye
Bejcgyertyános	Vas megye
Békás	Veszprém megye
Bekecs	Borsod-Abaúj-Zemplén megye
Békés	Békés megye
Békéscsaba	Békés megye
Békéssámson	Békés megye
Békésszentandrás	Békés megye
Bekölce	Heves megye
Bélapátfalva	Heves megye
Bélavár	Somogy megye
Belecska	Tolna megye
Beled	Győr-Moson-Sopron megye
Beleg	Somogy megye
Belezna	Zala megye
Bélmegyer	Békés megye
Beloiannisz	Fejér megye
Belsősárd	Zala megye
Belvárdgyula	Baranya megye
Benk	Szabolcs-Szatmár-Bereg megye
Bénye	Pest megye
Bér	Nógrád megye
Bérbaltavár	Vas megye
Bercel	Nógrád megye
Beregdaróc	Szabolcs-Szatmár-Bereg megye
Beregsurány	Szabolcs-Szatmár-Bereg megye
Berekböszörmény	Hajdú-Bihar megye
Berekfürdő	Jász-Nagykun-Szolnok megye
Beremend	Baranya megye
Berente	Borsod-Abaúj-Zemplén megye
Beret	Borsod-Abaúj-Zemplén megye
Berettyóújfalu	Hajdú-Bihar megye
Berhida	Veszprém megye
Berkenye	Nógrád megye
Berkesd	Baranya megye
Berkesz	Szabolcs-Szatmár-Bereg megye
Bernecebaráti	Pest megye
Berzék	Borsod-Abaúj-Zemplén megye
Berzence	Somogy megye
Besence	Baranya megye
Besenyőd	Szabolcs-Szatmár-Bereg megye
Besenyőtelek	Heves megye
Besenyszög	Jász-Nagykun-Szolnok megye
Besnyő	Fejér megye
Beszterec	Szabolcs-Szatmár-Bereg megye
Bezedek	Baranya megye
Bezenye	Győr-Moson-Sopron megye
Bezeréd	Zala megye
Bezi	Győr-Moson-Sopron megye
Biatorbágy	Pest megye
Bicsérd	Baranya megye
Bicske	Fejér megye
Bihardancsháza	Hajdú-Bihar megye
Biharkeresztes	Hajdú-Bihar megye
Biharnagybajom	Hajdú-Bihar megye
Bihartorda	Hajdú-Bihar megye
Biharugra	Békés megye
Bikács	Tolna megye
Bikal	Baranya megye
Biri	Szabolcs-Szatmár-Bereg megye
Birján	Baranya megye
Bisse	Baranya megye
Boba	Vas megye
Bocfölde	Zala megye
Boconád	Heves megye
Bócsa	Bács-Kiskun megye
Bocska	Zala megye
Bocskaikert	Hajdú-Bihar megye
Boda	Baranya megye
Bodajk	Fejér megye
Bodmér	Fejér megye
Bodolyabér	Baranya megye
Bodonhely	Győr-Moson-Sopron megye
Bodony	Heves megye
Bodorfa	Veszprém megye
Bodrog	Somogy megye
Bodroghalom	Borsod-Abaúj-Zemplén megye
Bodrogkeresztúr	Borsod-Abaúj-Zemplén megye
Bodrogkisfalud	Borsod-Abaúj-Zemplén megye
Bodrogolaszi	Borsod-Abaúj-Zemplén megye
Bódvalenke	Borsod-Abaúj-Zemplén megye
Bódvarákó	Borsod-Abaúj-Zemplén megye
Bódvaszilas	Borsod-Abaúj-Zemplén megye
Bogács	Borsod-Abaúj-Zemplén megye
Bogád	Baranya megye
Bogádmindszent	Baranya megye
Bogdása	Baranya megye
Bogyiszló	Tolna megye
Bogyoszló	Győr-Moson-Sopron megye
Bojt	Hajdú-Bihar megye
Bókaháza	Zala megye
Bokod	Komárom-Esztergom megye
Bokor	Nógrád megye
Boldog	Heves megye
Boldogasszonyfa	Baranya megye
Boldogkőújfalu	Borsod-Abaúj-Zemplén megye
Boldogkőváralja	Borsod-Abaúj-Zemplén megye
Boldva	Borsod-Abaúj-Zemplén megye
Bolhás	Somogy megye
Bolhó	Somogy megye
Bóly	Baranya megye
Boncodfölde	Zala megye
Bonnya	Somogy megye
Bonyhád	Tolna megye
Bonyhádvarasd	Tolna megye
Bordány	Csongrád megye
Borgáta	Vas megye
Borjád	Baranya megye
Borota	Bács-Kiskun megye
Borsfa	Zala megye
Borsodbóta	Borsod-Abaúj-Zemplén megye
Borsodgeszt	Borsod-Abaúj-Zemplén megye
Borsodivánka	Borsod-Abaúj-Zemplén megye
Borsodnádasd	Borsod-Abaúj-Zemplén megye
Borsodszentgyörgy	Borsod-Abaúj-Zemplén megye
Borsodszirák	Borsod-Abaúj-Zemplén megye
Borsosberény	Nógrád megye
Borszörcsök	Veszprém megye
Borzavár	Veszprém megye
Bosta	Baranya megye
Botpalád	Szabolcs-Szatmár-Bereg megye
Botykapeterd	Baranya megye
Bozsok	Vas megye
Bózsva	Borsod-Abaúj-Zemplén megye
Bozzai	Vas megye
Bő	Vas megye
Bőcs	Borsod-Abaúj-Zemplén megye
Böde	Zala megye
Bödeháza	Zala megye
Bögöt	Vas megye
Bögöte	Vas megye
Böhönye	Somogy megye
Bököny	Szabolcs-Szatmár-Bereg megye
Bölcske	Tolna megye
Bőny	Győr-Moson-Sopron megye
Börcs	Győr-Moson-Sopron megye
Börzönce	Zala megye
Bősárkány	Győr-Moson-Sopron megye
Bőszénfa	Somogy megye
Bucsa	Békés megye
Bucsu	Vas megye
Búcsúszentlászló	Zala megye
Bucsuta	Zala megye
Budajenő	Pest megye
Budakalász	Pest megye
Budakeszi	Pest megye
Budaörs	Pest megye
Budapest	
Bugac	Bács-Kiskun megye
Bugacpusztaháza	Bács-Kiskun megye
Bugyi	Pest megye
Buj	Szabolcs-Szatmár-Bereg megye
Buják	Nógrád megye
Buzsák	Somogy megye
Bük	Vas megye
Bükkábrány	Borsod-Abaúj-Zemplén megye
Bükkaranyos	Borsod-Abaúj-Zemplén megye
Bükkmogyorósd	Borsod-Abaúj-Zemplén megye
Bükkösd	Baranya megye
Bükkszék	Heves megye
Bükkszenterzsébet	Heves megye
Bükkszentkereszt	Borsod-Abaúj-Zemplén megye
Bükkszentmárton	Heves megye
Bükkzsérc	Borsod-Abaúj-Zemplén megye
Bürüs	Baranya megye
Büssü	Somogy megye
Büttös	Borsod-Abaúj-Zemplén megye
Cák	Vas megye
Cakóháza	Győr-Moson-Sopron megye
Cece	Fejér megye
Cégénydányád	Szabolcs-Szatmár-Bereg megye
Cegléd	Pest megye
Ceglédbercel	Pest megye
Celldömölk	Vas megye
Cered	Nógrád megye
Chernelházadamonya	Vas megye
Cibakháza	Jász-Nagykun-Szolnok megye
Cigánd	Borsod-Abaúj-Zemplén megye
Cikó	Tolna megye
Cirák	Győr-Moson-Sopron megye
Csabacsűd	Békés megye
Csabaszabadi	Békés megye
Csabdi	Fejér megye
Csabrendek	Veszprém megye
Csáford	Zala megye
Csáfordjánosfa	Győr-Moson-Sopron megye
Csaholc	Szabolcs-Szatmár-Bereg megye
Csajág	Veszprém megye
Csákány	Somogy megye
Csákánydoroszló	Vas megye
Csákberény	Fejér megye
Csákvár	Fejér megye
Csanádalberti	Csongrád megye
Csanádapáca	Békés megye
Csanádpalota	Csongrád megye
Csánig	Vas megye
Csány	Heves megye
Csányoszró	Baranya megye
Csanytelek	Csongrád megye
Csapi	Zala megye
Csapod	Győr-Moson-Sopron megye
Csárdaszállás	Békés megye
Csarnóta	Baranya megye
Csaroda	Szabolcs-Szatmár-Bereg megye
Császár	Komárom-Esztergom megye
Császártöltés	Bács-Kiskun megye
Császló	Szabolcs-Szatmár-Bereg megye
Csátalja	Bács-Kiskun megye
Csatár	Zala megye
Csataszög	Jász-Nagykun-Szolnok megye
Csatka	Komárom-Esztergom megye
Csávoly	Bács-Kiskun megye
Csebény	Baranya megye
Csécse	Nógrád megye
Csegöld	Szabolcs-Szatmár-Bereg megye
Csehbánya	Veszprém megye
Csehi	Vas megye
Csehimindszent	Vas megye
Csém	Komárom-Esztergom megye
Csemő	Pest megye
Csempeszkopács	Vas megye
Csengele	Csongrád megye
Csenger	Szabolcs-Szatmár-Bereg megye
Csengersima	Szabolcs-Szatmár-Bereg megye
Csévharaszt	Pest megye
Csibrák	Tolna megye
Csikéria	Bács-Kiskun megye
Csikóstőttős	Tolna megye
Csikvánd	Győr-Moson-Sopron megye
Csincse	Borsod-Abaúj-Zemplén megye
Csipkerek	Vas megye
Csitár	Nógrád megye
Csobád	Borsod-Abaúj-Zemplén megye
Csobaj	Borsod-Abaúj-Zemplén megye
Csobánka	Pest megye
Csókakő	Fejér megye
Csokonyavisonta	Somogy megye
Csokvaomány	Borsod-Abaúj-Zemplén megye
Csolnok	Komárom-Esztergom megye
Csólyospálos	Bács-Kiskun megye
Csoma	Somogy megye
Csomád	Pest megye
Csombárd	Somogy megye
Csongrád	Csongrád megye
Csonkahegyhát	Zala megye
Csonkamindszent	Baranya megye
Csopak	Veszprém megye
Csór	Fejér megye
Csorna	Győr-Moson-Sopron megye
Csorvás	Békés megye
Csót	Veszprém megye
Csöde	Zala megye
Csögle	Veszprém megye
Csökmő	Hajdú-Bihar megye
Csököly	Somogy megye
Csömend	Somogy megye
Csömödér	Zala megye
Csömör	Pest megye
Csönge	Vas megye
Csörnyeföld	Zala megye
Csörög	Pest megye
Csörötnek	Vas megye
Csősz	Fejér megye
Csővár	Pest megye
Csurgó	Somogy megye
Csurgónagymarton	Somogy megye
Cún	Baranya megye
Dabas	Pest megye
Dabronc	Veszprém megye
Dabrony	Veszprém megye
Dad	Komárom-Esztergom megye
Dág	Komárom-Esztergom megye
Dáka	Veszprém megye
Dalmand	Tolna megye
Damak	Borsod-Abaúj-Zemplén megye
Dámóc	Borsod-Abaúj-Zemplén megye
Dánszentmiklós	Pest megye
Dány	Pest megye
Daraboshegy	Vas megye
Darány	Somogy megye
Darnó	Szabolcs-Szatmár-Bereg megye
Darnózseli	Győr-Moson-Sopron megye
Daruszentmiklós	Fejér megye
Darvas	Hajdú-Bihar megye
Dávod	Bács-Kiskun megye
Debercsény	Nógrád megye
Debrecen	Hajdú-Bihar megye
Debréte	Borsod-Abaúj-Zemplén megye
Decs	Tolna megye
Dédestapolcsány	Borsod-Abaúj-Zemplén megye
Dég	Fejér megye
Dejtár	Nógrád megye
Délegyháza	Pest megye
Demecser	Szabolcs-Szatmár-Bereg megye
Demjén	Heves megye
Dencsháza	Baranya megye
Dénesfa	Győr-Moson-Sopron megye
Derecske	Hajdú-Bihar megye
Derekegyház	Csongrád megye
Deszk	Csongrád megye
Detek	Borsod-Abaúj-Zemplén megye
Detk	Heves megye
Dévaványa	Békés megye
Devecser	Veszprém megye
Dinnyeberki	Baranya megye
Diósberény	Tolna megye
Diósd	Pest megye
Diósjenő	Nógrád megye
Dióskál	Zala megye
Diósviszló	Baranya megye
Doba	Veszprém megye
Doboz	Békés megye
Dobri	Zala megye
Dobronhegy	Zala megye
Dóc	Csongrád megye
Domaháza	Borsod-Abaúj-Zemplén megye
Domaszék	Csongrád megye
Dombegyház	Békés megye
Dombiratos	Békés megye
Dombóvár	Tolna megye
Dombrád	Szabolcs-Szatmár-Bereg megye
Domony	Pest megye
Domoszló	Heves megye
Dormánd	Heves megye
Dorog	Komárom-Esztergom megye
Dorogháza	Nógrád megye
Dozmat	Vas megye
Döbörhegy	Vas megye
Döbröce	Zala megye
Döbrököz	Tolna megye
Döbrönte	Veszprém megye
Döge	Szabolcs-Szatmár-Bereg megye
Dömös	Komárom-Esztergom megye
Dömsöd	Pest megye
Dör	Győr-Moson-Sopron megye
Dörgicse	Veszprém megye
Döröske	Vas megye
Dötk	Zala megye
Dövény	Borsod-Abaúj-Zemplén megye
Drágszél	Bács-Kiskun megye
Drávacsehi	Baranya megye
Drávacsepely	Baranya megye
Drávafok	Baranya megye
Drávagárdony	Somogy megye
Drávaiványi	Baranya megye
Drávakeresztúr	Baranya megye
Drávapalkonya	Baranya megye
Drávapiski	Baranya megye
Drávaszabolcs	Baranya megye
Drávaszerdahely	Baranya megye
Drávasztára	Baranya megye
Drávatamási	Somogy megye
Drégelypalánk	Nógrád megye
Dubicsány	Borsod-Abaúj-Zemplén megye
Dudar	Veszprém megye
Duka	Vas megye
Dunaalmás	Komárom-Esztergom megye
Dunabogdány	Pest megye
Dunaegyháza	Bács-Kiskun megye
Dunafalva	Bács-Kiskun megye
Dunaföldvár	Tolna megye
Dunaharaszti	Pest megye
Dunakeszi	Pest megye
Dunakiliti	Győr-Moson-Sopron megye
Dunapataj	Bács-Kiskun megye
Dunaremete	Győr-Moson-Sopron megye
Dunaszeg	Győr-Moson-Sopron megye
Dunaszekcső	Baranya megye
Dunaszentbenedek	Bács-Kiskun megye
Dunaszentgyörgy	Tolna megye
Dunaszentmiklós	Komárom-Esztergom megye
Dunaszentpál	Győr-Moson-Sopron megye
Dunasziget	Győr-Moson-Sopron megye
Dunatetétlen	Bács-Kiskun megye
Dunaújváros	Fejér megye
Dunavarsány	Pest megye
Dunavecse	Bács-Kiskun megye
Dusnok	Bács-Kiskun megye
Dúzs	Tolna megye
Ebergőc	Győr-Moson-Sopron megye
Ebes	Hajdú-Bihar megye
Écs	Győr-Moson-Sopron megye
Ecséd	Heves megye
Ecseg	Nógrád megye
Ecsegfalva	Békés megye
Ecseny	Somogy megye
Ecser	Pest megye
Edde	Somogy megye
Edelény	Borsod-Abaúj-Zemplén megye
Edve	Győr-Moson-Sopron megye
Eger	Heves megye
Egerág	Baranya megye
Egeralja	Veszprém megye
Egeraracsa	Zala megye
Egerbakta	Heves megye
Egerbocs	Heves megye
Egercsehi	Heves megye
Egerfarmos	Heves megye
Egerlövő	Borsod-Abaúj-Zemplén megye
Egerszalók	Heves megye
Egerszólát	Heves megye
Égerszög	Borsod-Abaúj-Zemplén megye
Egervár	Zala megye
Egervölgy	Vas megye
Egyed	Győr-Moson-Sopron megye
Egyek	Hajdú-Bihar megye
Egyházasdengeleg	Nógrád megye
Egyházasfalu	Győr-Moson-Sopron megye
Egyházasgerge	Nógrád megye
Egyházasharaszti	Baranya megye
Egyházashetye	Vas megye
Egyházashollós	Vas megye
Egyházaskesző	Veszprém megye
Egyházaskozár	Baranya megye
Egyházasrádóc	Vas megye
Elek	Békés megye
Ellend	Baranya megye
Előszállás	Fejér megye
Emőd	Borsod-Abaúj-Zemplén megye
Encs	Borsod-Abaúj-Zemplén megye
Encsencs	Szabolcs-Szatmár-Bereg megye
Endrefalva	Nógrád megye
Endrőc	Baranya megye
Enese	Győr-Moson-Sopron megye
Enying	Fejér megye
Eperjes	Csongrád megye
Eperjeske	Szabolcs-Szatmár-Bereg megye
Eplény	Veszprém megye
Epöl	Komárom-Esztergom megye
Ercsi	Fejér megye
Érd	Pest megye
Erdőbénye	Borsod-Abaúj-Zemplén megye
Erdőhorváti	Borsod-Abaúj-Zemplén megye
Erdőkertes	Pest megye
Erdőkövesd	Heves megye
Erdőkürt	Nógrád megye
Erdősmárok	Baranya megye
Erdősmecske	Baranya megye
Erdőtarcsa	Nógrád megye
Erdőtelek	Heves megye
Erk	Heves megye
Érpatak	Szabolcs-Szatmár-Bereg megye
Érsekcsanád	Bács-Kiskun megye
Érsekhalma	Bács-Kiskun megye
Érsekvadkert	Nógrád megye
Értény	Tolna megye
Erzsébet	Baranya megye
Esztár	Hajdú-Bihar megye
Eszteregnye	Zala megye
Esztergályhorváti	Zala megye
Esztergom	Komárom-Esztergom megye
Ete	Komárom-Esztergom megye
Etes	Nógrád megye
Etyek	Fejér megye
Fábiánháza	Szabolcs-Szatmár-Bereg megye
Fábiánsebestyén	Csongrád megye
Fácánkert	Tolna megye
Fadd	Tolna megye
Fáj	Borsod-Abaúj-Zemplén megye
Fajsz	Bács-Kiskun megye
Fancsal	Borsod-Abaúj-Zemplén megye
Farád	Győr-Moson-Sopron megye
Farkasfa	Vas megye
Csengerújfalu	Szabolcs-Szatmár-Bereg megye
Csengőd	Bács-Kiskun megye
Csénye	Vas megye
Csenyéte	Borsod-Abaúj-Zemplén megye
Csép	Komárom-Esztergom megye
Csépa	Jász-Nagykun-Szolnok megye
Csepreg	Vas megye
Csér	Győr-Moson-Sopron megye
Cserdi	Baranya megye
Cserénfa	Somogy megye
Cserépfalu	Borsod-Abaúj-Zemplén megye
Cserépváralja	Borsod-Abaúj-Zemplén megye
Cserháthaláp	Nógrád megye
Cserhátsurány	Nógrád megye
Cserhátszentiván	Nógrád megye
Cserkeszőlő	Jász-Nagykun-Szolnok megye
Cserkút	Baranya megye
Csernely	Borsod-Abaúj-Zemplén megye
Cserszegtomaj	Zala megye
Csertalakos	Zala megye
Csertő	Baranya megye
Csesznek	Veszprém megye
Csesztreg	Zala megye
Csesztve	Nógrád megye
Csetény	Veszprém megye
Szemely	Baranya megye
Szemenye	Vas megye
Szemenyecsörnye	Zala megye
Szemere	Borsod-Abaúj-Zemplén megye
Szendehely	Nógrád megye
Szendrő	Borsod-Abaúj-Zemplén megye
Szendrőlád	Borsod-Abaúj-Zemplén megye
Szenna	Somogy megye
Szenta	Somogy megye
Szentantalfa	Veszprém megye
Szentbalázs	Somogy megye
Szentbékkálla	Veszprém megye
Szentborbás	Somogy megye
Szentdénes	Baranya megye
Szentdomonkos	Heves megye
Szente	Nógrád megye
Szentegát	Baranya megye
Szentendre	Pest megye
Szentes	Csongrád megye
Szentgál	Veszprém megye
Szentgáloskér	Somogy megye
Szentgotthárd	Vas megye
Szentgyörgyvár	Zala megye
Szentgyörgyvölgy	Zala megye
Szentimrefalva	Veszprém megye
Szentistván	Borsod-Abaúj-Zemplén megye
Szentistvánbaksa	Borsod-Abaúj-Zemplén megye
Szentjakabfa	Veszprém megye
Szentkatalin	Baranya megye
Szentkirály	Bács-Kiskun megye
Szentkirályszabadja	Veszprém megye
Szentkozmadombja	Zala megye
Szentlászló	Baranya megye
Szentliszló	Zala megye
Szentlőrinc	Baranya megye
Szentlőrinckáta	Pest megye
Szentmargitfalva	Zala megye
Szentmártonkáta	Pest megye
Szentpéterfa	Vas megye
Szentpéterfölde	Zala megye
Szentpéterszeg	Hajdú-Bihar megye
Szentpéterúr	Zala megye
Szenyér	Somogy megye
Szepetnek	Zala megye
Szerecseny	Győr-Moson-Sopron megye
Szeremle	Bács-Kiskun megye
Szerencs	Borsod-Abaúj-Zemplén megye
Szerep	Hajdú-Bihar megye
Szergény	Vas megye
Szigetbecse	Pest megye
Szigetcsép	Pest megye
Szigethalom	Pest megye
Szigetmonostor	Pest megye
Szigetszentmárton	Pest megye
Szigetszentmiklós	Pest megye
Szigetújfalu	Pest megye
Szigetvár	Baranya megye
Szigliget	Veszprém megye
Szihalom	Heves megye
Szijártóháza	Zala megye
Szikszó	Borsod-Abaúj-Zemplén megye
Szil	Győr-Moson-Sopron megye
Szilágy	Baranya megye
Szilaspogony	Nógrád megye
Szilsárkány	Győr-Moson-Sopron megye
Szilvágy	Zala megye
Szilvás	Baranya megye
Szilvásszentmárton	Somogy megye
Szilvásvárad	Heves megye
Szin	Borsod-Abaúj-Zemplén megye
Szinpetri	Borsod-Abaúj-Zemplén megye
Szirák	Nógrád megye
Szirmabesenyő	Borsod-Abaúj-Zemplén megye
Szob	Pest megye
Szokolya	Pest megye
Szólád	Somogy megye
Szolnok	Jász-Nagykun-Szolnok megye
Szombathely	Vas megye
Szomód	Komárom-Esztergom megye
Szomolya	Borsod-Abaúj-Zemplén megye
Szomor	Komárom-Esztergom megye
Szorgalmatos	Szabolcs-Szatmár-Bereg megye
Szorosad	Somogy megye
Szőc	Veszprém megye
Szőce	Vas megye
Sződ	Pest megye
Sződliget	Pest megye
Szögliget	Borsod-Abaúj-Zemplén megye
Szőke	Baranya megye
Szőkéd	Baranya megye
Szőkedencs	Somogy megye
Szőlősardó	Borsod-Abaúj-Zemplén megye
Szőlősgyörök	Somogy megye
Szörény	Baranya megye
Szúcs	Heves megye
Szuha	Nógrád megye
Szuhafő	Borsod-Abaúj-Zemplén megye
Szuhakálló	Borsod-Abaúj-Zemplén megye
Szuhogy	Borsod-Abaúj-Zemplén megye
Szulimán	Baranya megye
Szulok	Somogy megye
Szurdokpüspöki	Nógrád megye
Szűcsi	Heves megye
Szügy	Nógrád megye
Szűr	Baranya megye
Tab	Somogy megye
Tabajd	Fejér megye
Tabdi	Bács-Kiskun megye
Táborfalva	Pest megye
Tác	Fejér megye
Tagyon	Veszprém megye
Tahitótfalu	Pest megye
Takácsi	Veszprém megye
Tákos	Szabolcs-Szatmár-Bereg megye
Taksony	Pest megye
Taktabáj	Borsod-Abaúj-Zemplén megye
Taktaharkány	Borsod-Abaúj-Zemplén megye
Taktakenéz	Borsod-Abaúj-Zemplén megye
Taktaszada	Borsod-Abaúj-Zemplén megye
Taliándörögd	Veszprém megye
Tállya	Borsod-Abaúj-Zemplén megye
Tamási	Tolna megye
Tanakajd	Vas megye
Táp	Győr-Moson-Sopron megye
Tápióbicske	Pest megye
Tápiógyörgye	Pest megye
Tápióság	Pest megye
Tápiószecső	Pest megye
Tápiószele	Pest megye
Tápiószentmárton	Pest megye
Tápiószőlős	Pest megye
Táplánszentkereszt	Vas megye
Tapolca	Veszprém megye
Tapsony	Somogy megye
Tápszentmiklós	Győr-Moson-Sopron megye
Tar	Nógrád megye
Tarany	Somogy megye
Tarcal	Borsod-Abaúj-Zemplén megye
Tard	Borsod-Abaúj-Zemplén megye
Tardona	Borsod-Abaúj-Zemplén megye
Tardos	Komárom-Esztergom megye
Tarhos	Békés megye
Tarján	Komárom-Esztergom megye
Tarjánpuszta	Győr-Moson-Sopron megye
Tárkány	Komárom-Esztergom megye
Tarnabod	Heves megye
Tarnalelesz	Heves megye
Tarnaméra	Heves megye
Tarnaörs	Heves megye
Tarnaszentmária	Heves megye
Tarnaszentmiklós	Heves megye
Tarnazsadány	Heves megye
Tárnok	Pest megye
Tárnokréti	Győr-Moson-Sopron megye
Tarpa	Szabolcs-Szatmár-Bereg megye
Tarrós	Baranya megye
Táska	Somogy megye
Tass	Bács-Kiskun megye
Taszár	Somogy megye
Tát	Komárom-Esztergom megye
Tata	Komárom-Esztergom megye
Tatabánya	Komárom-Esztergom megye
Tataháza	Bács-Kiskun megye
Tatárszentgyörgy	Pest megye
Tázlár	Bács-Kiskun megye
Téglás	Hajdú-Bihar megye
Tekenye	Zala megye
Tékes	Baranya megye
Teklafalu	Baranya megye
Telekes	Vas megye
Telekgerendás	Békés megye
Teleki	Somogy megye
Telki	Pest megye
Telkibánya	Borsod-Abaúj-Zemplén megye
Tengelic	Tolna megye
Tengeri	Baranya megye
Tengőd	Somogy megye
Tenk	Heves megye
Tényő	Győr-Moson-Sopron megye
Tépe	Hajdú-Bihar megye
Terem	Szabolcs-Szatmár-Bereg megye
Terény	Nógrád megye
Tereske	Nógrád megye
Teresztenye	Borsod-Abaúj-Zemplén megye
Terpes	Heves megye
Tés	Veszprém megye
Tésa	Pest megye
Tésenfa	Baranya megye
Téseny	Baranya megye
Teskánd	Zala megye
Tét	Győr-Moson-Sopron megye
Tetétlen	Hajdú-Bihar megye
Tevel	Tolna megye
Tibolddaróc	Borsod-Abaúj-Zemplén megye
Tiborszállás	Szabolcs-Szatmár-Bereg megye
Tihany	Veszprém megye
Tikos	Somogy megye
Tilaj	Zala megye
Timár	Szabolcs-Szatmár-Bereg megye
Tinnye	Pest megye
Tiszaadony	Szabolcs-Szatmár-Bereg megye
Tiszaalpár	Bács-Kiskun megye
Tiszabábolna	Borsod-Abaúj-Zemplén megye
Tiszabecs	Szabolcs-Szatmár-Bereg megye
Tiszabercel	Szabolcs-Szatmár-Bereg megye
Tiszabezdéd	Szabolcs-Szatmár-Bereg megye
Tiszabő	Jász-Nagykun-Szolnok megye
Tiszabura	Jász-Nagykun-Szolnok megye
Tiszacsécse	Szabolcs-Szatmár-Bereg megye
Tiszacsege	Hajdú-Bihar megye
Tiszacsermely	Borsod-Abaúj-Zemplén megye
Tiszadada	Szabolcs-Szatmár-Bereg megye
Tiszaderzs	Jász-Nagykun-Szolnok megye
Tiszadob	Szabolcs-Szatmár-Bereg megye
Tiszadorogma	Borsod-Abaúj-Zemplén megye
Tiszaeszlár	Szabolcs-Szatmár-Bereg megye
Tiszaföldvár	Jász-Nagykun-Szolnok megye
Tiszafüred	Jász-Nagykun-Szolnok megye
Tiszagyenda	Jász-Nagykun-Szolnok megye
Tiszagyulaháza	Hajdú-Bihar megye
Tiszaigar	Jász-Nagykun-Szolnok megye
Tiszainoka	Jász-Nagykun-Szolnok megye
Tiszajenő	Jász-Nagykun-Szolnok megye
Tiszakanyár	Szabolcs-Szatmár-Bereg megye
Tiszakarád	Borsod-Abaúj-Zemplén megye
Tiszakécske	Bács-Kiskun megye
Tiszakerecseny	Szabolcs-Szatmár-Bereg megye
Tiszakeszi	Borsod-Abaúj-Zemplén megye
Tiszakóród	Szabolcs-Szatmár-Bereg megye
Tiszakürt	Jász-Nagykun-Szolnok megye
Tiszaladány	Borsod-Abaúj-Zemplén megye
Tiszalök	Szabolcs-Szatmár-Bereg megye
Tiszalúc	Borsod-Abaúj-Zemplén megye
Tiszamogyorós	Szabolcs-Szatmár-Bereg megye
Tiszanagyfalu	Szabolcs-Szatmár-Bereg megye
Tiszanána	Heves megye
Tiszaörs	Jász-Nagykun-Szolnok megye
Tiszapalkonya	Borsod-Abaúj-Zemplén megye
Tiszapüspöki	Jász-Nagykun-Szolnok megye
Tiszarád	Szabolcs-Szatmár-Bereg megye
Tiszaroff	Jász-Nagykun-Szolnok megye
Tiszasas	Jász-Nagykun-Szolnok megye
Tiszasüly	Jász-Nagykun-Szolnok megye
Tiszaszalka	Szabolcs-Szatmár-Bereg megye
Tiszaszentimre	Jász-Nagykun-Szolnok megye
Tiszaszentmárton	Szabolcs-Szatmár-Bereg megye
Tiszasziget	Csongrád megye
Tiszaszőlős	Jász-Nagykun-Szolnok megye
Tiszatardos	Borsod-Abaúj-Zemplén megye
Tiszatarján	Borsod-Abaúj-Zemplén megye
Tiszatelek	Szabolcs-Szatmár-Bereg megye
Tiszatenyő	Jász-Nagykun-Szolnok megye
Tiszaug	Bács-Kiskun megye
Tiszaújváros	Borsod-Abaúj-Zemplén megye
Tiszavalk	Borsod-Abaúj-Zemplén megye
Tiszavárkony	Jász-Nagykun-Szolnok megye
Tiszavasvári	Szabolcs-Szatmár-Bereg megye
Tiszavid	Szabolcs-Szatmár-Bereg megye
Tisztaberek	Szabolcs-Szatmár-Bereg megye
Tivadar	Szabolcs-Szatmár-Bereg megye
Tóalmás	Pest megye
Tófalu	Heves megye
Tófej	Zala megye
Tófű	Baranya megye
Tokaj	Borsod-Abaúj-Zemplén megye
Tokod	Komárom-Esztergom megye
Tokodaltáró	Komárom-Esztergom megye
Tokorcs	Vas megye
Tolcsva	Borsod-Abaúj-Zemplén megye
Told	Hajdú-Bihar megye
Tolmács	Nógrád megye
Tolna	Tolna megye
Tolnanémedi	Tolna megye
Tomajmonostora	Jász-Nagykun-Szolnok megye
Tomor	Borsod-Abaúj-Zemplén megye
Tompa	Bács-Kiskun megye
Tompaládony	Vas megye
Tordas	Fejér megye
Tormafölde	Zala megye
Tormás	Baranya megye
Tormásliget	Vas megye
Tornabarakony	Borsod-Abaúj-Zemplén megye
Tornakápolna	Borsod-Abaúj-Zemplén megye
Tornanádaska	Borsod-Abaúj-Zemplén megye
Tornaszentandrás	Borsod-Abaúj-Zemplén megye
Tornaszentjakab	Borsod-Abaúj-Zemplén megye
Tornyiszentmiklós	Zala megye
Tornyosnémeti	Borsod-Abaúj-Zemplén megye
Tornyospálca	Szabolcs-Szatmár-Bereg megye
Torony	Vas megye
Torvaj	Somogy megye
Tószeg	Jász-Nagykun-Szolnok megye
Tótkomlós	Békés megye
Tótszentgyörgy	Baranya megye
Tótszentmárton	Zala megye
Tótszerdahely	Zala megye
Tótújfalu	Somogy megye
Tótvázsony	Veszprém megye
Tök	Pest megye
Tököl	Pest megye
Töltéstava	Győr-Moson-Sopron megye
Tömörd	Vas megye
Tömörkény	Csongrád megye
Törökbálint	Pest megye
Törökkoppány	Somogy megye
Törökszentmiklós	Jász-Nagykun-Szolnok megye
Törtel	Pest megye
Töttös	Baranya megye
Trizs	Borsod-Abaúj-Zemplén megye
Tunyogmatolcs	Szabolcs-Szatmár-Bereg megye
Tura	Pest megye
Túristvándi	Szabolcs-Szatmár-Bereg megye
Túrkeve	Jász-Nagykun-Szolnok megye
Túrony	Baranya megye
Túrricse	Szabolcs-Szatmár-Bereg megye
Tuzsér	Szabolcs-Szatmár-Bereg megye
Türje	Zala megye
Tüskevár	Veszprém megye
Tyukod	Szabolcs-Szatmár-Bereg megye
Udvar	Baranya megye
Udvari	Tolna megye
Ugod	Veszprém megye
Újbarok	Fejér megye
Újcsanálos	Borsod-Abaúj-Zemplén megye
Újdombrád	Szabolcs-Szatmár-Bereg megye
Újfehértó	Szabolcs-Szatmár-Bereg megye
Újhartyán	Pest megye
Újiráz	Hajdú-Bihar megye
Újireg	Tolna megye
Újkenéz	Szabolcs-Szatmár-Bereg megye
Újkér	Győr-Moson-Sopron megye
Újkígyós	Békés megye
Újlengyel	Pest megye
Újléta	Hajdú-Bihar megye
Újlőrincfalva	Heves megye
Újpetre	Baranya megye
Újrónafő	Győr-Moson-Sopron megye
Újsolt	Bács-Kiskun megye
Újszalonta	Békés megye
Újszász	Jász-Nagykun-Szolnok megye
Újszentiván	Csongrád megye
Újszentmargita	Hajdú-Bihar megye
Újszilvás	Pest megye
Újtelek	Bács-Kiskun megye
Újtikos	Hajdú-Bihar megye
Újudvar	Zala megye
Újvárfalva	Somogy megye
Ukk	Veszprém megye
Und	Győr-Moson-Sopron megye
Úny	Komárom-Esztergom megye
Uppony	Borsod-Abaúj-Zemplén megye
Ura	Szabolcs-Szatmár-Bereg megye
Uraiújfalu	Vas megye
Úrhida	Fejér megye
Úri	Pest megye
Úrkút	Veszprém megye
Uszka	Szabolcs-Szatmár-Bereg megye
Uszód	Bács-Kiskun megye
Uzsa	Veszprém megye
Üllés	Csongrád megye
Üllő	Pest megye
Üröm	Pest megye
Vác	Pest megye
Vácduka	Pest megye
Vácegres	Pest megye
Váchartyán	Pest megye
Váckisújfalu	Pest megye
Vácrátót	Pest megye
Vácszentlászló	Pest megye
Vadna	Borsod-Abaúj-Zemplén megye
Vadosfa	Győr-Moson-Sopron megye
Vág	Győr-Moson-Sopron megye
Vágáshuta	Borsod-Abaúj-Zemplén megye
Vaja	Szabolcs-Szatmár-Bereg megye
Vajdácska	Borsod-Abaúj-Zemplén megye
Vajszló	Baranya megye
Vajta	Fejér megye
Vál	Fejér megye
Valkó	Pest megye
Valkonya	Zala megye
Vállaj	Szabolcs-Szatmár-Bereg megye
Vállus	Zala megye
Vámosatya	Szabolcs-Szatmár-Bereg megye
Vámoscsalád	Vas megye
Vámosgyörk	Heves megye
Vámosmikola	Pest megye
Vámosoroszi	Szabolcs-Szatmár-Bereg megye
Vámospércs	Hajdú-Bihar megye
Vámosszabadi	Győr-Moson-Sopron megye
Vámosújfalu	Borsod-Abaúj-Zemplén megye
Váncsod	Hajdú-Bihar megye
Vanyarc	Nógrád megye
Vanyola	Veszprém megye
Várad	Baranya megye
Váralja	Tolna megye
Varászló	Somogy megye
Váraszó	Heves megye
Várbalog	Győr-Moson-Sopron megye
Varbó	Borsod-Abaúj-Zemplén megye
Varbóc	Borsod-Abaúj-Zemplén megye
Várda	Somogy megye
Várdomb	Tolna megye
Várfölde	Zala megye
Varga	Baranya megye
Várgesztes	Komárom-Esztergom megye
Várkesző	Veszprém megye
Várong	Tolna megye
Városföld	Bács-Kiskun megye
Városlőd	Veszprém megye
Várpalota	Veszprém megye
Varsád	Tolna megye
Varsány	Nógrád megye
Várvölgy	Zala megye
Vasad	Pest megye
Vasalja	Vas megye
Vásárosbéc	Baranya megye
Vásárosdombó	Baranya megye
Vásárosfalu	Győr-Moson-Sopron megye
Vásárosmiske	Vas megye
Vásárosnamény	Szabolcs-Szatmár-Bereg megye
Vasasszonyfa	Vas megye
Vasboldogasszony	Zala megye
Vasegerszeg	Vas megye
Vashosszúfalu	Vas megye
Vaskeresztes	Vas megye
Vaskút	Bács-Kiskun megye
Vasmegyer	Szabolcs-Szatmár-Bereg megye
Vaspör	Zala megye
Vassurány	Vas megye
Vasszécseny	Vas megye
Vasszentmihály	Vas megye
Vasszilvágy	Vas megye
Vasvár	Vas megye
Vaszar	Veszprém megye
Vászoly	Veszprém megye
Vát	Vas megye
Vatta	Borsod-Abaúj-Zemplén megye
Vázsnok	Baranya megye
Vécs	Heves megye
Vecsés	Pest megye
Végegyháza	Békés megye
Vejti	Baranya megye
Vékény	Baranya megye
Vekerd	Hajdú-Bihar megye
Velem	Vas megye
Velemér	Vas megye
Velence	Fejér megye
Velény	Baranya megye
Véménd	Baranya megye
Vének	Győr-Moson-Sopron megye
Vép	Vas megye
Vereb	Fejér megye
Veresegyház	Pest megye
Verőce	Pest megye
Verpelét	Heves megye
Verseg	Pest megye
Versend	Baranya megye
Vértesacsa	Fejér megye
Vértesboglár	Fejér megye
Vérteskethely	Komárom-Esztergom megye
Vértessomló	Komárom-Esztergom megye
Vértesszőlős	Komárom-Esztergom megye
Vértestolna	Komárom-Esztergom megye
Vése	Somogy megye
Veszkény	Győr-Moson-Sopron megye
Veszprém	Veszprém megye
Veszprémfajsz	Veszprém megye
Veszprémgalsa	Veszprém megye
Veszprémvarsány	Győr-Moson-Sopron megye
Vésztő	Békés megye
Vezseny	Jász-Nagykun-Szolnok megye
Vid	Veszprém megye
Vigántpetend	Veszprém megye
Villány	Baranya megye
Villánykövesd	Baranya megye
Vilmány	Borsod-Abaúj-Zemplén megye
Vilonya	Veszprém megye
Vilyvitány	Borsod-Abaúj-Zemplén megye
Vinár	Veszprém megye
Vindornyafok	Zala megye
Vindornyalak	Zala megye
Vindornyaszőlős	Zala megye
Visegrád	Pest megye
Visnye	Somogy megye
Visonta	Heves megye
Viss	Borsod-Abaúj-Zemplén megye
Visz	Somogy megye
Viszák	Vas megye
Viszló	Borsod-Abaúj-Zemplén megye
Visznek	Heves megye
Vitnyéd	Győr-Moson-Sopron megye
Vizslás	Nógrád megye
Vizsoly	Borsod-Abaúj-Zemplén megye
Vízvár	Somogy megye
Vokány	Baranya megye
Vonyarcvashegy	Zala megye
Vöckönd	Zala megye
Völcsej	Győr-Moson-Sopron megye
Vönöck	Vas megye
Vöröstó	Veszprém megye
Vörs	Somogy megye
Zabar	Nógrád megye
Zádor	Baranya megye
Zádorfalva	Borsod-Abaúj-Zemplén megye
Zagyvarékas	Jász-Nagykun-Szolnok megye
Zagyvaszántó	Heves megye
Záhony	Szabolcs-Szatmár-Bereg megye
Zajk	Zala megye
Zajta	Szabolcs-Szatmár-Bereg megye
Zákány	Somogy megye
Zákányfalu	Somogy megye
Zákányszék	Csongrád megye
Zala	Somogy megye
Zalaapáti	Zala megye
Zalabaksa	Zala megye
Zalabér	Zala megye
Zalaboldogfa	Zala megye
Zalacsány	Zala megye
Zalacséb	Zala megye
Zalaegerszeg	Zala megye
Zalaerdőd	Veszprém megye
Zalagyömörő	Veszprém megye
Zalahaláp	Veszprém megye
Zalaháshágy	Zala megye
Zalaigrice	Zala megye
Zalaistvánd	Zala megye
Zalakaros	Zala megye
Zalakomár	Zala megye
Zalakoppány	Zala megye
Zalaköveskút	Zala megye
Zalalövő	Zala megye
Zalameggyes	Veszprém megye
Zalamerenye	Zala megye
Zalasárszeg	Zala megye
Zalaszabar	Zala megye
Zalaszántó	Zala megye
Zalaszegvár	Veszprém megye
Zalaszentbalázs	Zala megye
Zalaszentgrót	Zala megye
Zalaszentgyörgy	Zala megye
Zalaszentiván	Zala megye
Zalaszentjakab	Zala megye
Zalaszentlászló	Zala megye
Zalaszentlőrinc	Zala megye
Zalaszentmárton	Zala megye
Zalaszentmihály	Zala megye
Zalaszombatfa	Zala megye
Zaláta	Baranya megye
Zalatárnok	Zala megye
Zalaudvarnok	Zala megye
Zalaújlak	Zala megye
Zalavár	Zala megye
Zalavég	Zala megye
Zalkod	Borsod-Abaúj-Zemplén megye
Zamárdi	Somogy megye
Zámoly	Fejér megye
Zánka	Veszprém megye
Zaránk	Heves megye
Závod	Tolna megye
Zebecke	Zala megye
Zebegény	Pest megye
Zemplénagárd	Borsod-Abaúj-Zemplén megye
Zengővárkony	Baranya megye
Zichyújfalu	Fejér megye
Zics	Somogy megye
Ziliz	Borsod-Abaúj-Zemplén megye
Zimány	Somogy megye
Zirc	Veszprém megye
Zók	Baranya megye
Zomba	Tolna megye
Zsadány	Békés megye
Zsáka	Hajdú-Bihar megye
Zsámbék	Pest megye
Zsámbok	Pest megye
Zsana	Bács-Kiskun megye
Zsarolyán	Szabolcs-Szatmár-Bereg megye
Zsebeháza	Győr-Moson-Sopron megye
Zsédeny	Vas megye
Zselickisfalud	Somogy megye
Zselickislak	Somogy megye
Zselicszentpál	Somogy megye
Zsennye	Vas megye
Zsira	Győr-Moson-Sopron megye
Zsombó	Csongrád megye
Zsujta	Borsod-Abaúj-Zemplén megye
Zsurk	Szabolcs-Szatmár-Bereg megye
Zubogy	Borsod-Abaúj-Zemplén megye
Nádasdladány	Fejér megye
Nádudvar	Hajdú-Bihar megye
Nágocs	Somogy megye
Nagyacsád	Veszprém megye
Nagyalásony	Veszprém megye
Nagyar	Szabolcs-Szatmár-Bereg megye
Nagyatád	Somogy megye
Nagybajcs	Győr-Moson-Sopron megye
Nagybajom	Somogy megye
Nagybakónak	Zala megye
Nagybánhegyes	Békés megye
Nagybaracska	Bács-Kiskun megye
Nagybarca	Borsod-Abaúj-Zemplén megye
Nagybárkány	Nógrád megye
Nagyberény	Somogy megye
Nagyberki	Somogy megye
Nagybörzsöny	Pest megye
Nagybudmér	Baranya megye
Nagycenk	Győr-Moson-Sopron megye
Nagycsány	Baranya megye
Nagycsécs	Borsod-Abaúj-Zemplén megye
Nagycsepely	Somogy megye
Nagycserkesz	Szabolcs-Szatmár-Bereg megye
Nagydém	Veszprém megye
Nagydobos	Szabolcs-Szatmár-Bereg megye
Nagydobsza	Baranya megye
Nagydorog	Tolna megye
Nagyecsed	Szabolcs-Szatmár-Bereg megye
Nagyér	Csongrád megye
Nagyesztergár	Veszprém megye
Nagyfüged	Heves megye
Nagygeresd	Vas megye
Nagygörbő	Zala megye
Nagygyimót	Veszprém megye
Nagyhajmás	Baranya megye
Nagyhalász	Szabolcs-Szatmár-Bereg megye
Nagyharsány	Baranya megye
Nagyhegyes	Hajdú-Bihar megye
Nagyhódos	Szabolcs-Szatmár-Bereg megye
Nagyhuta	Borsod-Abaúj-Zemplén megye
Nagyigmánd	Komárom-Esztergom megye
Nagyiván	Jász-Nagykun-Szolnok megye
Nagykálló	Szabolcs-Szatmár-Bereg megye
Nagykamarás	Békés megye
Nagykanizsa	Zala megye
Nagykapornak	Zala megye
Nagykarácsony	Fejér megye
Nagykáta	Pest megye
Nagykereki	Hajdú-Bihar megye
Nagykeresztúr	Nógrád megye
Nagykinizs	Borsod-Abaúj-Zemplén megye
Nagykónyi	Tolna megye
Nagykorpád	Somogy megye
Nagykovácsi	Pest megye
Nagykozár	Baranya megye
Nagykökényes	Heves megye
Nagykölked	Vas megye
Nagykőrös	Pest megye
Nagykörű	Jász-Nagykun-Szolnok megye
Nagykutas	Zala megye
Nagylak	Csongrád megye
Nagylengyel	Zala megye
Nagylóc	Nógrád megye
Nagylók	Fejér megye
Nagylózs	Győr-Moson-Sopron megye
Nagymágocs	Csongrád megye
Nagymákfa	Vas megye
Nagymányok	Tolna megye
Nagymaros	Pest megye
Nagymizdó	Vas megye
Nagynyárád	Baranya megye
Nagyoroszi	Nógrád megye
Nagypáli	Zala megye
Nagypall	Baranya megye
Nagypeterd	Baranya megye
Nagypirit	Veszprém megye
Nagyrábé	Hajdú-Bihar megye
Nagyrada	Zala megye
Nagyrákos	Vas megye
Nagyrécse	Zala megye
Nagyréde	Heves megye
Nagyrév	Jász-Nagykun-Szolnok megye
Nagyrozvágy	Borsod-Abaúj-Zemplén megye
Nagysáp	Komárom-Esztergom megye
Nagysimonyi	Vas megye
Nagyszakácsi	Somogy megye
Nagyszékely	Tolna megye
Nagyszekeres	Szabolcs-Szatmár-Bereg megye
Nagyszénás	Békés megye
Nagyszentjános	Győr-Moson-Sopron megye
Nagyszokoly	Tolna megye
Nagytálya	Heves megye
Nagytarcsa	Pest megye
Nagytevel	Veszprém megye
Nagytilaj	Vas megye
Nagytótfalu	Baranya megye
Nagytőke	Csongrád megye
Nagyút	Heves megye
Nagyvarsány	Szabolcs-Szatmár-Bereg megye
Nagyváty	Baranya megye
Nagyvázsony	Veszprém megye
Nagyvejke	Tolna megye
Nagyveleg	Fejér megye
Nagyvenyim	Fejér megye
Nagyvisnyó	Heves megye
Nak	Tolna megye
Napkor	Szabolcs-Szatmár-Bereg megye
Nárai	Vas megye
Narda	Vas megye
Naszály	Komárom-Esztergom megye
Négyes	Borsod-Abaúj-Zemplén megye
Nekézseny	Borsod-Abaúj-Zemplén megye
Nemesapáti	Zala megye
Nemesbikk	Borsod-Abaúj-Zemplén megye
Nemesborzova	Szabolcs-Szatmár-Bereg megye
Nemesbőd	Vas megye
Nemesbük	Zala megye
Nemescsó	Vas megye
Nemesdéd	Somogy megye
Nemesgörzsöny	Veszprém megye
Nemesgulács	Veszprém megye
Nemeshany	Veszprém megye
Nemeshetés	Zala megye
Nemeske	Baranya megye
Nemeskér	Győr-Moson-Sopron megye
Nemeskeresztúr	Vas megye
Nemeskisfalud	Somogy megye
Nemeskocs	Vas megye
Nemeskolta	Vas megye
Nemesládony	Vas megye
Nemesmedves	Vas megye
Nemesnádudvar	Bács-Kiskun megye
Nemesnép	Zala megye
Nemespátró	Zala megye
Nemesrádó	Zala megye
Nemesrempehollós	Vas megye
Nemessándorháza	Zala megye
Nemesszalók	Veszprém megye
Nemesszentandrás	Zala megye
Nemesvámos	Veszprém megye
Nemesvid	Somogy megye
Nemesvita	Veszprém megye
Németbánya	Veszprém megye
Németfalu	Zala megye
Németkér	Tolna megye
Nemti	Nógrád megye
Neszmély	Komárom-Esztergom megye
Nézsa	Nógrád megye
Nick	Vas megye
Nikla	Somogy megye
Nógrád	Nógrád megye
Nógrádkövesd	Nógrád megye
Nógrádmarcal	Nógrád megye
Nógrádmegyer	Nógrád megye
Nógrádsáp	Nógrád megye
Nógrádsipek	Nógrád megye
Nógrádszakál	Nógrád megye
Nóráp	Veszprém megye
Noszlop	Veszprém megye
Noszvaj	Heves megye
Nova	Zala megye
Novaj	Heves megye
Novajidrány	Borsod-Abaúj-Zemplén megye
Nőtincs	Nógrád megye
Nyalka	Győr-Moson-Sopron megye
Nyárád	Veszprém megye
Nyáregyháza	Pest megye
Nyárlőrinc	Bács-Kiskun megye
Nyársapát	Pest megye
Nyékládháza	Borsod-Abaúj-Zemplén megye
Nyergesújfalu	Komárom-Esztergom megye
Nyésta	Borsod-Abaúj-Zemplén megye
Nyim	Somogy megye
Nyírábrány	Hajdú-Bihar megye
Nyíracsád	Hajdú-Bihar megye
Nyirád	Veszprém megye
Nyíradony	Hajdú-Bihar megye
Nyírbátor	Szabolcs-Szatmár-Bereg megye
Nyírbéltek	Szabolcs-Szatmár-Bereg megye
Nyírbogát	Szabolcs-Szatmár-Bereg megye
Nyírbogdány	Szabolcs-Szatmár-Bereg megye
Nyírcsaholy	Szabolcs-Szatmár-Bereg megye
Nyírcsászári	Szabolcs-Szatmár-Bereg megye
Nyírderzs	Szabolcs-Szatmár-Bereg megye
Nyíregyháza	Szabolcs-Szatmár-Bereg megye
Nyírgelse	Szabolcs-Szatmár-Bereg megye
Nyírgyulaj	Szabolcs-Szatmár-Bereg megye
Nyíri	Borsod-Abaúj-Zemplén megye
Nyíribrony	Szabolcs-Szatmár-Bereg megye
Nyírjákó	Szabolcs-Szatmár-Bereg megye
Nyírkarász	Szabolcs-Szatmár-Bereg megye
Nyírkáta	Szabolcs-Szatmár-Bereg megye
Nyírkércs	Szabolcs-Szatmár-Bereg megye
Nyírlövő	Szabolcs-Szatmár-Bereg megye
Nyírlugos	Szabolcs-Szatmár-Bereg megye
Nyírmada	Szabolcs-Szatmár-Bereg megye
Nyírmártonfalva	Hajdú-Bihar megye
Nyírmeggyes	Szabolcs-Szatmár-Bereg megye
Nyírmihálydi	Szabolcs-Szatmár-Bereg megye
Nyírparasznya	Szabolcs-Szatmár-Bereg megye
Nyírpazony	Szabolcs-Szatmár-Bereg megye
Nyírpilis	Szabolcs-Szatmár-Bereg megye
Nyírtass	Szabolcs-Szatmár-Bereg megye
Nyírtelek	Szabolcs-Szatmár-Bereg megye
Nyírtét	Szabolcs-Szatmár-Bereg megye
Nyírtura	Szabolcs-Szatmár-Bereg megye
Nyírvasvári	Szabolcs-Szatmár-Bereg megye
Nyomár	Borsod-Abaúj-Zemplén megye
Nyőgér	Vas megye
Nyugotszenterzsébet	Baranya megye
Nyúl	Győr-Moson-Sopron megye
Óbánya	Baranya megye
Óbarok	Fejér megye
OBERHAUSEN	Budapest megye
Óbudavár	Veszprém megye
Ócsa	Pest megye
Ócsárd	Baranya megye
Ófalu	Baranya megye
Ófehértó	Szabolcs-Szatmár-Bereg megye
Óföldeák	Csongrád megye
Óhíd	Zala megye
Okány	Békés megye
Okorág	Baranya megye
Okorvölgy	Baranya megye
Olasz	Baranya megye
Olaszfa	Vas megye
Olaszfalu	Veszprém megye
Olaszliszka	Borsod-Abaúj-Zemplén megye
Olcsva	Szabolcs-Szatmár-Bereg megye
Olcsvaapáti	Szabolcs-Szatmár-Bereg megye
Old	Baranya megye
Ólmod	Vas megye
Oltárc	Zala megye
Onga	Borsod-Abaúj-Zemplén megye
Ónod	Borsod-Abaúj-Zemplén megye
Ópályi	Szabolcs-Szatmár-Bereg megye
Ópusztaszer	Csongrád megye
Orbányosfa	Zala megye
Orci	Somogy megye
Ordacsehi	Somogy megye
Ordas	Bács-Kiskun megye
Orfalu	Vas megye
Orfű	Baranya megye
Orgovány	Bács-Kiskun megye
Ormándlak	Zala megye
Ormosbánya	Borsod-Abaúj-Zemplén megye
Orosháza	Békés megye
Oroszi	Veszprém megye
Oroszlány	Komárom-Esztergom megye
Oroszló	Baranya megye
Orosztony	Zala megye
Ortaháza	Zala megye
Osli	Győr-Moson-Sopron megye
Ostffyasszonyfa	Vas megye
Ostoros	Heves megye
Oszkó	Vas megye
Oszlár	Borsod-Abaúj-Zemplén megye
Osztopán	Somogy megye
Ózd	Borsod-Abaúj-Zemplén megye
Ózdfalu	Baranya megye
Ozmánbük	Zala megye
Ozora	Tolna megye
Öcs	Veszprém megye
Őcsény	Tolna megye
Öcsöd	Jász-Nagykun-Szolnok megye
Ököritófülpös	Szabolcs-Szatmár-Bereg megye
Ölbő	Vas megye
Ömböly	Szabolcs-Szatmár-Bereg megye
Őr	Szabolcs-Szatmár-Bereg megye
Őrbottyán	Pest megye
Öregcsertő	Bács-Kiskun megye
Öreglak	Somogy megye
Őrhalom	Nógrád megye
Őrimagyarósd	Vas megye
Őriszentpéter	Vas megye
Örkény	Pest megye
Örményes	Jász-Nagykun-Szolnok megye
Örménykút	Békés megye
Őrtilos	Somogy megye
Örvényes	Veszprém megye
Ősagárd	Nógrád megye
Ősi	Veszprém megye
Öskü	Veszprém megye
Öttevény	Győr-Moson-Sopron megye
Öttömös	Csongrád megye
Ötvöskónyi	Somogy megye
Pácin	Borsod-Abaúj-Zemplén megye
Pacsa	Zala megye
Pácsony	Vas megye
Padár	Zala megye
Padragkút	Veszprém megye
Páhi	Bács-Kiskun megye
Páka	Zala megye
Pakod	Zala megye
Pákozd	Fejér megye
Paks	Tolna megye
Palé	Baranya megye
Pálfa	Tolna megye
Pálfiszeg	Zala megye
Pálháza	Borsod-Abaúj-Zemplén megye
Páli	Győr-Moson-Sopron megye
Palkonya	Baranya megye
Pálmajor	Somogy megye
Pálmonostora	Bács-Kiskun megye
Pálosvörösmart	Heves megye
Palotabozsok	Baranya megye
Palotás	Nógrád megye
Paloznak	Veszprém megye
Pamlény	Borsod-Abaúj-Zemplén megye
Pamuk	Somogy megye
Pánd	Pest megye
Pankasz	Vas megye
Pannonhalma	Győr-Moson-Sopron megye
Pányok	Borsod-Abaúj-Zemplén megye
Panyola	Szabolcs-Szatmár-Bereg megye
Pap	Szabolcs-Szatmár-Bereg megye
Pápa	Veszprém megye
Pápadereske	Veszprém megye
Pápakovácsi	Veszprém megye
Pápasalamon	Veszprém megye
Pápateszér	Veszprém megye
Papkeszi	Veszprém megye
Pápoc	Vas megye
Papos	Szabolcs-Szatmár-Bereg megye
Páprád	Baranya megye
Parád	Heves megye
Parádsasvár	Heves megye
Parasznya	Borsod-Abaúj-Zemplén megye
Pári	Tolna megye
Paszab	Szabolcs-Szatmár-Bereg megye
Pásztó	Nógrád megye
Pásztori	Győr-Moson-Sopron megye
Pat	Zala megye
Patak	Nógrád megye
Patalom	Somogy megye
Patapoklosi	Baranya megye
Patca	Somogy megye
Pátka	Fejér megye
Patosfa	Somogy megye
Pátroha	Szabolcs-Szatmár-Bereg megye
Patvarc	Nógrád megye
Páty	Pest megye
Pátyod	Szabolcs-Szatmár-Bereg megye
Pázmánd	Fejér megye
Pázmándfalu	Győr-Moson-Sopron megye
Pécel	Pest megye
Pecöl	Vas megye
Pécs	Baranya megye
Pécsbagota	Baranya megye
Pécsdevecser	Baranya megye
Pécsely	Veszprém megye
Pécsudvard	Baranya megye
Pécsvárad	Baranya megye
Pellérd	Baranya megye
Pély	Heves megye
Penc	Pest megye
Penészlek	Szabolcs-Szatmár-Bereg megye
Penyige	Szabolcs-Szatmár-Bereg megye
Pénzesgyőr	Veszprém megye
Pér	Győr-Moson-Sopron megye
Perbál	Pest megye
Pere	Borsod-Abaúj-Zemplén megye
Perecse	Borsod-Abaúj-Zemplén megye
Pereked	Baranya megye
Perenye	Vas megye
Peresznye	Vas megye
Pereszteg	Győr-Moson-Sopron megye
Perkáta	Fejér megye
Perkupa	Borsod-Abaúj-Zemplén megye
Perőcsény	Pest megye
Peterd	Baranya megye
Péterhida	Somogy megye
Péteri	Pest megye
Pétervására	Heves megye
Pétfürdő	Veszprém megye
Pethőhenye	Zala megye
Petneháza	Szabolcs-Szatmár-Bereg megye
Petőfibánya	Heves megye
Petőfiszállás	Bács-Kiskun megye
Petőháza	Győr-Moson-Sopron megye
Petőmihályfa	Vas megye
Petrikeresztúr	Zala megye
Petrivente	Zala megye
Pettend	Baranya megye
Piliny	Nógrád megye
Pilis	Pest megye
Pilisborosjenő	Pest megye
Piliscsaba	Pest megye
Piliscsév	Komárom-Esztergom megye
Pilisjászfalu	Pest megye
Pilismarót	Komárom-Esztergom megye
Pilisszántó	Pest megye
Pilisszentiván	Pest megye
Pilisszentkereszt	Pest megye
Pilisszentlászló	Pest megye
Pilisszentlélek	Komárom-Esztergom megye
Pilisvörösvár	Pest megye
Pincehely	Tolna megye
Pinkamindszent	Vas megye
Pinnye	Győr-Moson-Sopron megye
Piricse	Szabolcs-Szatmár-Bereg megye
Pirtó	Bács-Kiskun megye
Piskó	Baranya megye
Pitvaros	Csongrád megye
Pócsa	Baranya megye
Pocsaj	Hajdú-Bihar megye
Pócsmegyer	Pest megye
Pócspetri	Szabolcs-Szatmár-Bereg megye
Pogány	Baranya megye
Pogányszentpéter	Somogy megye
Pókaszepetk	Zala megye
Polány	Somogy megye
Polgár	Hajdú-Bihar megye
Polgárdi	Fejér megye
Pomáz	Pest megye
Porcsalma	Szabolcs-Szatmár-Bereg megye
Pornóapáti	Vas megye
Poroszló	Heves megye
Porpác	Vas megye
Porrog	Somogy megye
Porrogszentkirály	Somogy megye
Porrogszentpál	Somogy megye
Pórszombat	Zala megye
Porva	Veszprém megye
Pósfa	Vas megye
Potony	Somogy megye
Potyond	Győr-Moson-Sopron megye
Pölöske	Zala megye
Pölöskefő	Zala megye
Pörböly	Tolna megye
Pördefölde	Zala megye
Pötréte	Zala megye
Prügy	Borsod-Abaúj-Zemplén megye
Pula	Veszprém megye
Pusztaapáti	Zala megye
Pusztaberki	Nógrád megye
Pusztacsalád	Győr-Moson-Sopron megye
Pusztacsó	Vas megye
Pusztadobos	Szabolcs-Szatmár-Bereg megye
Pusztaederics	Zala megye
Pusztaegres	Fejér megye
Pusztafalu	Borsod-Abaúj-Zemplén megye
Pusztaföldvár	Békés megye
Pusztahencse	Tolna megye
Pusztakovácsi	Somogy megye
Pusztamagyaród	Zala megye
Pusztamérges	Csongrád megye
Pusztamiske	Veszprém megye
Pusztamonostor	Jász-Nagykun-Szolnok megye
Pusztaottlaka	Békés megye
Pusztaradvány	Borsod-Abaúj-Zemplén megye
Pusztaszabolcs	Fejér megye
Pusztaszemes	Somogy megye
Pusztaszentlászló	Zala megye
Pusztaszer	Csongrád megye
Pusztavacs	Pest megye
Pusztavám	Fejér megye
Pusztazámor	Pest megye
Putnok	Borsod-Abaúj-Zemplén megye
Püski	Győr-Moson-Sopron megye
Püspökhatvan	Pest megye
Püspökladány	Hajdú-Bihar megye
Püspökmolnári	Vas megye
Püspökszilágy	Pest megye
Rábacsanak	Győr-Moson-Sopron megye
Rábacsécsény	Győr-Moson-Sopron megye
Rábafüzes	Vas megye
Rábagyarmat	Vas megye
Rábahídvég	Vas megye
Rábakecöl	Győr-Moson-Sopron megye
Rábapatona	Győr-Moson-Sopron megye
Rábapaty	Vas megye
Rábapordány	Győr-Moson-Sopron megye
Rábasebes	Győr-Moson-Sopron megye
Rábaszentandrás	Győr-Moson-Sopron megye
Rábaszentmihály	Győr-Moson-Sopron megye
Rábaszentmiklós	Győr-Moson-Sopron megye
Rábatamási	Győr-Moson-Sopron megye
Rábatótfalu	Vas megye
Rábatöttös	Vas megye
Rábcakapi	Győr-Moson-Sopron megye
Rácalmás	Fejér megye
Ráckeresztúr	Fejér megye
Ráckeve	Pest megye
Rád	Pest megye
Rádfalva	Baranya megye
Rádóckölked	Vas megye
Radostyán	Borsod-Abaúj-Zemplén megye
Ragály	Borsod-Abaúj-Zemplén megye
Rajka	Győr-Moson-Sopron megye
Rakaca	Borsod-Abaúj-Zemplén megye
Rakacaszend	Borsod-Abaúj-Zemplén megye
Rakamaz	Szabolcs-Szatmár-Bereg megye
Rákóczibánya	Nógrád megye
Rákóczifalva	Jász-Nagykun-Szolnok megye
Rákócziújfalu	Jász-Nagykun-Szolnok megye
Ráksi	Somogy megye
Ramocsa	Zala megye
Ramocsaháza	Szabolcs-Szatmár-Bereg megye
Rápolt	Szabolcs-Szatmár-Bereg megye
Raposka	Veszprém megye
Rásonysápberencs	Borsod-Abaúj-Zemplén megye
Rátka	Borsod-Abaúj-Zemplén megye
Rátót	Vas megye
Ravazd	Győr-Moson-Sopron megye
Recsk	Heves megye
Réde	Komárom-Esztergom megye
Rédics	Zala megye
Regéc	Borsod-Abaúj-Zemplén megye
Regenye	Baranya megye
Regöly	Tolna megye
Rém	Bács-Kiskun megye
Remeteszőlős	Pest megye
Répáshuta	Borsod-Abaúj-Zemplén megye
Répcelak	Vas megye
Répceszemere	Győr-Moson-Sopron megye
Répceszentgyörgy	Vas megye
Répcevis	Győr-Moson-Sopron megye
Resznek	Zala megye
Rétalap	Győr-Moson-Sopron megye
Rétközberencs	Szabolcs-Szatmár-Bereg megye
Rétság	Nógrád megye
Révfülöp	Veszprém megye
Révleányvár	Borsod-Abaúj-Zemplén megye
Rezi	Zala megye
Ricse	Borsod-Abaúj-Zemplén megye
Rigács	Veszprém megye
Rigyác	Zala megye
Rimóc	Nógrád megye
Rinyabesenyő	Somogy megye
Rinyakovácsi	Somogy megye
Rinyaszentkirály	Somogy megye
Rinyaújlak	Somogy megye
Rinyaújnép	Somogy megye
Rohod	Szabolcs-Szatmár-Bereg megye
Románd	Győr-Moson-Sopron megye
Romhány	Nógrád megye
Romonya	Baranya megye
Rózsafa	Baranya megye
Rozsály	Szabolcs-Szatmár-Bereg megye
Rózsaszentmárton	Heves megye
Röjtökmuzsaj	Győr-Moson-Sopron megye
Rönök	Vas megye
Röszke	Csongrád megye
Rudabánya	Borsod-Abaúj-Zemplén megye
Rudolftelep	Borsod-Abaúj-Zemplén megye
Rum	Vas megye
Ruzsa	Csongrád megye
Ságújfalu	Nógrád megye
Ságvár	Somogy megye
Sajóbábony	Borsod-Abaúj-Zemplén megye
Sajóecseg	Borsod-Abaúj-Zemplén megye
Sajógalgóc	Borsod-Abaúj-Zemplén megye
Sajóhídvég	Borsod-Abaúj-Zemplén megye
Sajóivánka	Borsod-Abaúj-Zemplén megye
Sajókápolna	Borsod-Abaúj-Zemplén megye
Sajókaza	Borsod-Abaúj-Zemplén megye
Sajókeresztúr	Borsod-Abaúj-Zemplén megye
Sajólád	Borsod-Abaúj-Zemplén megye
Sajólászlófalva	Borsod-Abaúj-Zemplén megye
Sajómercse	Borsod-Abaúj-Zemplén megye
Sajónémeti	Borsod-Abaúj-Zemplén megye
Sajóörös	Borsod-Abaúj-Zemplén megye
Sajópálfala	Borsod-Abaúj-Zemplén megye
Sajópetri	Borsod-Abaúj-Zemplén megye
Sajópüspöki	Borsod-Abaúj-Zemplén megye
Sajósenye	Borsod-Abaúj-Zemplén megye
Sajószentpéter	Borsod-Abaúj-Zemplén megye
Sajószöged	Borsod-Abaúj-Zemplén megye
Sajóvámos	Borsod-Abaúj-Zemplén megye
Sajóvelezd	Borsod-Abaúj-Zemplén megye
Sajtoskál	Vas megye
Salföld	Veszprém megye
Salgótarján	Nógrád megye
Salköveskút	Vas megye
Salomvár	Zala megye
Sály	Borsod-Abaúj-Zemplén megye
Sámod	Baranya megye
Sámsonháza	Nógrád megye
Sand	Zala megye
Sándorfalva	Csongrád megye
Sántos	Somogy megye
Sáp	Hajdú-Bihar megye
Sáránd	Hajdú-Bihar megye
Sárazsadány	Borsod-Abaúj-Zemplén megye
Sárbogárd	Fejér megye
Sáregres	Fejér megye
Sárfimizdó	Vas megye
Sárhida	Zala megye
Sárisáp	Komárom-Esztergom megye
Sarkad	Békés megye
Sarkadkeresztúr	Békés megye
Sárkeresztes	Fejér megye
Sárkeresztúr	Fejér megye
Sárkeszi	Fejér megye
Sármellék	Zala megye
Sárok	Baranya megye
Sárosd	Fejér megye
Sárospatak	Borsod-Abaúj-Zemplén megye
Sárpilis	Tolna megye
Sárrétudvari	Hajdú-Bihar megye
Sarród	Győr-Moson-Sopron megye
Sárszentágota	Fejér megye
Sárszentlőrinc	Tolna megye
Sárszentmihály	Fejér megye
Sarud	Heves megye
Sárvár	Vas megye
Sásd	Baranya megye
Sáska	Veszprém megye
Sáta	Borsod-Abaúj-Zemplén megye
Sátoraljaújhely	Borsod-Abaúj-Zemplén megye
Sátorhely	Baranya megye
Sávoly	Somogy megye
Sé	Vas megye
Segesd	Somogy megye
Sellye	Baranya megye
Selyeb	Borsod-Abaúj-Zemplén megye
Semjén	Borsod-Abaúj-Zemplén megye
Semjénháza	Zala megye
Sénye	Zala megye
Sényő	Szabolcs-Szatmár-Bereg megye
Seregélyes	Fejér megye
Serényfalva	Borsod-Abaúj-Zemplén megye
Sérsekszőlős	Somogy megye
Sikátor	Győr-Moson-Sopron megye
Siklós	Baranya megye
Siklósbodony	Baranya megye
Siklósnagyfalu	Baranya megye
Sima	Borsod-Abaúj-Zemplén megye
Simaság	Vas megye
Simonfa	Somogy megye
Simontornya	Tolna megye
Sióagárd	Tolna megye
Siófok	Somogy megye
Siójut	Somogy megye
Sirok	Heves megye
Sitke	Vas megye
Sobor	Győr-Moson-Sopron megye
Sokorópátka	Győr-Moson-Sopron megye
Solt	Bács-Kiskun megye
Soltszentimre	Bács-Kiskun megye
Soltvadkert	Bács-Kiskun megye
Sóly	Veszprém megye
Solymár	Pest megye
Som	Somogy megye
Somberek	Baranya megye
Somlójenő	Veszprém megye
Somlószőlős	Veszprém megye
Somlóvásárhely	Veszprém megye
Somlóvecse	Veszprém megye
Somodor	Somogy megye
Somogyacsa	Somogy megye
Somogyapáti	Baranya megye
Somogyaracs	Somogy megye
Somogyaszaló	Somogy megye
Somogybabod	Somogy megye
Somogybükkösd	Somogy megye
Somogycsicsó	Somogy megye
Somogydöröcske	Somogy megye
Somogyegres	Somogy megye
Somogyfajsz	Somogy megye
Somogygeszti	Somogy megye
Somogyhárságy	Baranya megye
Somogyhatvan	Baranya megye
Somogyjád	Somogy megye
Somogymeggyes	Somogy megye
Somogysámson	Somogy megye
Somogysárd	Somogy megye
Somogysimonyi	Somogy megye
Somogyszentpál	Somogy megye
Somogyszil	Somogy megye
Somogyszob	Somogy megye
Somogytúr	Somogy megye
Somogyudvarhely	Somogy megye
Somogyvámos	Somogy megye
Somogyvár	Somogy megye
Somogyviszló	Baranya megye
Somogyzsitfa	Somogy megye
Somoskőújfalu	Nógrád megye
Sonkád	Szabolcs-Szatmár-Bereg megye
Soponya	Fejér megye
Sopron	Győr-Moson-Sopron megye
Sopronhorpács	Győr-Moson-Sopron megye
Sopronkövesd	Győr-Moson-Sopron megye
Sopronnémeti	Győr-Moson-Sopron megye
Sorkifalud	Vas megye
Sorkikápolna	Vas megye
Sormás	Zala megye
Sorokpolány	Vas megye
Sóshartyán	Nógrád megye
Sóskút	Pest megye
Sóstófalva	Borsod-Abaúj-Zemplén megye
Sósvertike	Baranya megye
Sótony	Vas megye
Söjtör	Zala megye
Söpte	Vas megye
Söréd	Fejér megye
Sukoró	Fejér megye
Sumony	Baranya megye
Súr	Komárom-Esztergom megye
Surd	Zala megye
Sükösd	Bács-Kiskun megye
Sülysáp	Pest megye
Sümeg	Veszprém megye
Sümegcsehi	Zala megye
Sümegprága	Veszprém megye
Süttő	Komárom-Esztergom megye
Szabadbattyán	Fejér megye
Szabadegyháza	Fejér megye
Szabadhídvég	Fejér megye
Szabadi	Somogy megye
Szabadkígyós	Békés megye
Szabadszállás	Bács-Kiskun megye
Szabadszentkirály	Baranya megye
Szabás	Somogy megye
Szabolcs	Szabolcs-Szatmár-Bereg megye
Szabolcsbáka	Szabolcs-Szatmár-Bereg megye
Szabolcsveresmart	Szabolcs-Szatmár-Bereg megye
Szada	Pest megye
Szágy	Baranya megye
Szajk	Baranya megye
Szajla	Heves megye
Szajol	Jász-Nagykun-Szolnok megye
Szakácsi	Borsod-Abaúj-Zemplén megye
Szakadát	Tolna megye
Szakáld	Borsod-Abaúj-Zemplén megye
Szakály	Tolna megye
Szakcs	Tolna megye
Szakmár	Bács-Kiskun megye
Szaknyér	Vas megye
Szakoly	Szabolcs-Szatmár-Bereg megye
Szakony	Győr-Moson-Sopron megye
Szakonyfalu	Vas megye
Szákszend	Komárom-Esztergom megye
Szalafő	Vas megye
Szalánta	Baranya megye
Szalapa	Zala megye
Szalaszend	Borsod-Abaúj-Zemplén megye
Szalatnak	Baranya megye
Szálka	Tolna megye
Szalkszentmárton	Bács-Kiskun megye
Szalmatercs	Nógrád megye
Szalonna	Borsod-Abaúj-Zemplén megye
Szamosangyalos	Szabolcs-Szatmár-Bereg megye
Szamosbecs	Szabolcs-Szatmár-Bereg megye
Szamoskér	Szabolcs-Szatmár-Bereg megye
Szamossályi	Szabolcs-Szatmár-Bereg megye
Szamosszeg	Szabolcs-Szatmár-Bereg megye
Szamostatárfalva	Szabolcs-Szatmár-Bereg megye
Szamosújlak	Szabolcs-Szatmár-Bereg megye
Szanda	Nógrád megye
Szank	Bács-Kiskun megye
Szántód	Somogy megye
Szany	Győr-Moson-Sopron megye
Szápár	Veszprém megye
Szaporca	Baranya megye
Szár	Fejér megye
Szárász	Baranya megye
Szárazd	Tolna megye
Szárföld	Győr-Moson-Sopron megye
Szárliget	Komárom-Esztergom megye
Szarvas	Békés megye
Szarvasgede	Nógrád megye
Szarvaskend	Vas megye
Szarvaskő	Heves megye
Szászberek	Jász-Nagykun-Szolnok megye
Szászfa	Borsod-Abaúj-Zemplén megye
Szászvár	Baranya megye
Szatmárcseke	Szabolcs-Szatmár-Bereg megye
Szátok	Nógrád megye
Szatta	Vas megye
Szatymaz	Csongrád megye
Szava	Baranya megye
Százhalombatta	Pest megye
Szebény	Baranya megye
Szécsénke	Nógrád megye
Szécsény	Nógrád megye
Szécsényfelfalu	Nógrád megye
Szécsisziget	Zala megye
Szederkény	Baranya megye
Szedres	Tolna megye
Szeged	Csongrád megye
Szegerdő	Somogy megye
Szeghalom	Békés megye
Szegi	Borsod-Abaúj-Zemplén megye
Szegilong	Borsod-Abaúj-Zemplén megye
Szegvár	Csongrád megye
Székely	Szabolcs-Szatmár-Bereg megye
Székelyszabar	Baranya megye
Székesfehérvár	Fejér megye
Székkutas	Csongrád megye
Szekszárd	Tolna megye
Szeleste	Vas megye
Szelevény	Jász-Nagykun-Szolnok megye
Szellő	Baranya megye
