Burgenland	Andau
Burgenland	Antau
Burgenland	Apetlon
Burgenland	Bad Sauerbrunn
Burgenland	Bad Tatzmannsdorf
Burgenland	Badersdorf
Burgenland	Baumgarten
Burgenland	Bernstein
Burgenland	Bildein
Burgenland	Bocksdorf
Burgenland	Breitenbrunn am Neusiedler See
Burgenland	Bruckneudorf
Burgenland	Burgauberg-Neudauberg
Burgenland	Deutsch Jahrndorf
Burgenland	Deutsch Kaltenbrunn
Burgenland	Deutsch Schützen-Eisenberg
Burgenland	Deutschkreutz
Burgenland	Donnerskirchen
Burgenland	Draßburg
Burgenland	Draßmarkt
Burgenland	Eberau
Burgenland	Edelstal
Burgenland	Eisenstadt
Burgenland	Eltendorf
Burgenland	Forchtenstein
Burgenland	Frankenau-Unterpullendorf
Burgenland	Frauenkirchen
Burgenland	Gattendorf
Burgenland	Gerersdorf-Sulz
Burgenland	Gols
Burgenland	Grafenschachen
Burgenland	Großhöflein
Burgenland	Großmürbisch
Burgenland	Großpetersdorf
Burgenland	Großwarasdorf
Burgenland	Güssing
Burgenland	Güttenbach
Burgenland	Hackerberg
Burgenland	Halbturn
Burgenland	Hannersdorf
Burgenland	Heiligenbrunn
Burgenland	Heiligenkreuz im Lafnitztal
Burgenland	Heugraben
Burgenland	Hirm
Burgenland	Horitschon
Burgenland	Hornstein
Burgenland	Illmitz
Burgenland	Inzenhof
Burgenland	Jabing
Burgenland	Jennersdorf
Burgenland	Jois
Burgenland	Kaisersdorf
Burgenland	Kemeten
Burgenland	Kittsee
Burgenland	Kleinmürbisch
Burgenland	Klingenbach
Burgenland	Kobersdorf
Burgenland	Kohfidisch
Burgenland	Königsdorf
Burgenland	Krensdorf
Burgenland	Kukmirn
Burgenland	Lackenbach
Burgenland	Lackendorf
Burgenland	Leithaprodersdorf
Burgenland	Litzelsdorf
Burgenland	Lockenhaus
Burgenland	Loipersbach im Burgenland
Burgenland	Loipersdorf-Kitzladen
Burgenland	Loretto
Burgenland	Lutzmannsburg
Burgenland	Mannersdorf an der Rabnitz
Burgenland	Mariasdorf
Burgenland	Markt Allhau
Burgenland	Markt Neuhodis
Burgenland	Markt Sankt Martin
Burgenland	Marz
Burgenland	Mattersburg
Burgenland	Minihof-Liebau
Burgenland	Mischendorf
Burgenland	Mogersdorf
Burgenland	Mönchhof
Burgenland	Mörbisch am See
Burgenland	Moschendorf
Burgenland	Mühlgraben
Burgenland	Müllendorf
Burgenland	Neckenmarkt
Burgenland	Neuberg im Burgenland
Burgenland	Neudorf
Burgenland	Neudörfl
Burgenland	Neufeld an der Leitha
Burgenland	Neuhaus am Klausenbach
Burgenland	Neusiedl am See
Burgenland	Neustift an der Lafnitz
Burgenland	Neustift bei Güssing
Burgenland	Neutal
Burgenland	Nickelsdorf
Burgenland	Nikitsch
Burgenland	Oberdorf im Burgenland
Burgenland	Oberloisdorf
Burgenland	Oberpullendorf
Burgenland	Oberschützen
Burgenland	Oberwart
Burgenland	Oggau am Neusiedler See
Burgenland	Olbendorf
Burgenland	Ollersdorf im Burgenland
Burgenland	Oslip
Burgenland	Pama
Burgenland	Pamhagen
Burgenland	Parndorf
Burgenland	Pilgersdorf
Burgenland	Pinkafeld
Burgenland	Piringsdorf
Burgenland	Podersdorf am See
Burgenland	Pöttelsdorf
Burgenland	Pöttsching
Burgenland	Potzneusiedl
Burgenland	Purbach am Neusiedler See
Burgenland	Raiding
Burgenland	Rauchwart
Burgenland	Rechnitz
Burgenland	Riedlingsdorf
Burgenland	Ritzing
Burgenland	Rohr im Burgenland
Burgenland	Rohrbach bei Mattersburg
Burgenland	Rotenturm an der Pinka
Burgenland	Rudersdorf
Burgenland	Rust
Burgenland	Sankt Andrä am Zicksee
Burgenland	Sankt Margarethen im Burgenland
Burgenland	Sankt Martin an der Raab
Burgenland	Sankt Michael im Burgenland
Burgenland	Schachendorf
Burgenland	Schandorf
Burgenland	Schattendorf
Burgenland	Schützen am Gebirge
Burgenland	Siegendorf
Burgenland	Sieggraben
Burgenland	Sigleß
Burgenland	Stadtschlaining
Burgenland	Stegersbach
Burgenland	Steinberg-Dörfl
Burgenland	Steinbrunn
Burgenland	Stinatz
Burgenland	Stoob
Burgenland	Stotzing
Burgenland	Strem
Burgenland	Tadten
Burgenland	Tobaj
Burgenland	Trausdorf an der Wulka
Burgenland	Tschanigraben
Burgenland	Unterfrauenhaid
Burgenland	Unterkohlstätten
Burgenland	Unterrabnitz-Schwendgraben
Burgenland	Unterwart
Burgenland	Wallern im Burgenland
Burgenland	Weichselbaum
Burgenland	Weiden am See
Burgenland	Weiden bei Rechnitz
Burgenland	Weingraben
Burgenland	Weppersdorf
Burgenland	Wiesen
Burgenland	Wiesfleck
Burgenland	Wimpassing an der Leitha
Burgenland	Winden am See
Burgenland	Wolfau
Burgenland	Wörterberg
Burgenland	Wulkaprodersdorf
Burgenland	Zagersdorf
Burgenland	Zemendorf-Stöttera
Burgenland	Zillingtal
Burgenland	Zurndorf
Kärnten	Afritz am See
Kärnten	Albeck
Kärnten	Althofen
Kärnten	Arnoldstein
Kärnten	Arriach
Kärnten	Bad Bleiberg
Kärnten	Bad Kleinkirchheim
Kärnten	Bad St. Leonhard im Lavanttal
Kärnten	Baldramsdorf
Kärnten	Berg im Drautal
Kärnten	Bleiburg
Kärnten	Brückl
Kärnten	Dellach
Kärnten	Dellach im Drautal
Kärnten	Deutsch-Griffen
Kärnten	Diex
Kärnten	Ebenthal in Kärnten
Kärnten	Eberndorf
Kärnten	Eberstein
Kärnten	Eisenkappel-Vellach
Kärnten	Feistritz an der Gail
Kärnten	Feistritz im Rosental
Kärnten	Feistritz ob Bleiburg
Kärnten	Feld am See
Kärnten	Feldkirchen in Kärnten
Kärnten	Ferlach
Kärnten	Ferndorf
Kärnten	Finkenstein am Faaker See
Kärnten	Flattach
Kärnten	Frantschach-St. Gertraud
Kärnten	Frauenstein
Kärnten	Fresach
Kärnten	Friesach
Kärnten	Gallizien
Kärnten	Gitschtal
Kärnten	Glanegg
Kärnten	Globasnitz
Kärnten	Glödnitz
Kärnten	Gmünd in Kärnten
Kärnten	Gnesau
Kärnten	Grafenstein
Kärnten	Greifenburg
Kärnten	Griffen
Kärnten	Großkirchheim
Kärnten	Gurk
Kärnten	Guttaring
Kärnten	Heiligenblut am Großglockner
Kärnten	Hermagor-Pressegger See
Kärnten	Himmelberg
Kärnten	Hohenthurn
Kärnten	Hüttenberg
Kärnten	Irschen
Kärnten	Kappel am Krappfeld
Kärnten	Keutschach am See
Kärnten	Kirchbach
Kärnten	Klagenfurt am Wörthersee
Kärnten	Kleblach-Lind
Kärnten	Klein St. Paul
Kärnten	Kötschach-Mauthen
Kärnten	Köttmannsdorf
Kärnten	Krems in Kärnten
Kärnten	Krumpendorf am Wörthersee
Kärnten	Lavamünd
Kärnten	Lendorf
Kärnten	Lesachtal
Kärnten	Liebenfels
Kärnten	Ludmannsdorf
Kärnten	Lurnfeld
Kärnten	Magdalensberg
Kärnten	Mallnitz
Kärnten	Malta
Kärnten	Maria Rain
Kärnten	Maria Saal
Kärnten	Maria Wörth
Kärnten	Metnitz
Kärnten	Micheldorf
Kärnten	Millstatt am See
Kärnten	Mölbling
Kärnten	Moosburg
Kärnten	Mörtschach
Kärnten	Mühldorf
Kärnten	Neuhaus
Kärnten	Nötsch im Gailtal
Kärnten	Oberdrauburg
Kärnten	Obervellach
Kärnten	Ossiach
Kärnten	Paternion
Kärnten	Poggersdorf
Kärnten	Pörtschach am Wörther See
Kärnten	Preitenegg
Kärnten	Radenthein
Kärnten	Rangersdorf
Kärnten	Reichenau
Kärnten	Reichenfels
Kärnten	Reißeck
Kärnten	Rennweg am Katschberg
Kärnten	Rosegg
Kärnten	Ruden
Kärnten	Sachsenburg
Kärnten	Schiefling am Wörthersee
Kärnten	Seeboden am Millstätter See
Kärnten	Sittersdorf
Kärnten	Spittal an der Drau
Kärnten	St. Andrä
Kärnten	St. Georgen am Längsee
Kärnten	St. Georgen im Lavanttal
Kärnten	St. Jakob im Rosental
Kärnten	St. Kanzian am Klopeiner See
Kärnten	St. Margareten im Rosental
Kärnten	St. Paul im Lavanttal
Kärnten	St. Stefan im Gailtal
Kärnten	St. Urban
Kärnten	St. Veit an der Glan
Kärnten	Stall
Kärnten	Steindorf am Ossiacher See
Kärnten	Steinfeld
Kärnten	Steuerberg
Kärnten	Stockenboi
Kärnten	Straßburg
Kärnten	Techelsberg am Wörther See
Kärnten	Trebesing
Kärnten	Treffen am Ossiacher See
Kärnten	Velden am Wörther See
Kärnten	Villach
Kärnten	Völkermarkt
Kärnten	Weißensee
Kärnten	Weißenstein
Kärnten	Weitensfeld im Gurktal
Kärnten	Wernberg
Kärnten	Winklern
Kärnten	Wolfsberg
Kärnten	Zell
Niederösterreich	Absdorf
Niederösterreich	Achau
Niederösterreich	Aderklaa
Niederösterreich	Aggsbach
Niederösterreich	Alberndorf im Pulkautal
Niederösterreich	Albrechtsberg an der Großen Krems
Niederösterreich	Alland
Niederösterreich	Allentsteig
Niederösterreich	Allhartsberg
Niederösterreich	Altenburg
Niederösterreich	Altendorf
Niederösterreich	Altenmarkt an der Triesting
Niederösterreich	Altlengbach
Niederösterreich	Altlichtenwarth
Niederösterreich	Altmelon
Niederösterreich	Amaliendorf-Aalfang
Niederösterreich	Amstetten
Niederösterreich	Andlersdorf
Niederösterreich	Angern an der March
Niederösterreich	Annaberg
Niederösterreich	Arbesbach
Niederösterreich	Ardagger
Niederösterreich	Artstetten-Pöbring
Niederösterreich	Aschbach-Markt
Niederösterreich	Aspangberg-St. Peter
Niederösterreich	Aspang-Markt
Niederösterreich	Asparn an der Zaya
Niederösterreich	Asperhofen
Niederösterreich	Atzenbrugg
Niederösterreich	Au am Leithaberge
Niederösterreich	Auersthal
Niederösterreich	Bad Deutsch-Altenburg
Niederösterreich	Bad Erlach
Niederösterreich	Bad Fischau-Brunn
Niederösterreich	Bad Großpertholz
Niederösterreich	Bad Pirawarth
Niederösterreich	Bad Schönau
Niederösterreich	Bad Traunstein
Niederösterreich	Bad Vöslau
Niederösterreich	Baden
Niederösterreich	Bärnkopf
Niederösterreich	Behamberg
Niederösterreich	Berg
Niederösterreich	Bergern im Dunkelsteinerwald
Niederösterreich	Bergland
Niederösterreich	Berndorf
Niederösterreich	Bernhardsthal
Niederösterreich	Biberbach
Niederösterreich	Biedermannsdorf
Niederösterreich	Bisamberg
Niederösterreich	Bischofstetten
Niederösterreich	Blindenmarkt
Niederösterreich	Blumau-Neurißhof
Niederösterreich	Bockfließ
Niederösterreich	Böheimkirchen
Niederösterreich	Brand-Laaben
Niederösterreich	Brand-Nagelberg
Niederösterreich	Breitenau
Niederösterreich	Breitenfurt bei Wien
Niederösterreich	Breitenstein
Niederösterreich	Bromberg
Niederösterreich	Bruck an der Leitha
Niederösterreich	Brunn am Gebirge
Niederösterreich	Brunn an der Wild
Niederösterreich	Buchbach
Niederösterreich	Burgschleinitz-Kühnring
Niederösterreich	Bürg-Vöstenhof
Niederösterreich	Deutsch-Wagram
Niederösterreich	Dietmanns
Niederösterreich	Dobersberg
Niederösterreich	Dorfstetten
Niederösterreich	Drasenhofen
Niederösterreich	Drosendorf-Zissersdorf
Niederösterreich	Drösing
Niederösterreich	Droß
Niederösterreich	Dunkelsteinerwald
Niederösterreich	Dürnkrut
Niederösterreich	Dürnstein
Niederösterreich	Ebenfurth
Niederösterreich	Ebenthal
Niederösterreich	Ebergassing
Niederösterreich	Ebreichsdorf
Niederösterreich	Echsenbach
Niederösterreich	Eckartsau
Niederösterreich	Edlitz
Niederösterreich	Eggenburg
Niederösterreich	Eggendorf
Niederösterreich	Eggern
Niederösterreich	Eichgraben
Niederösterreich	Eisgarn
Niederösterreich	Emmersdorf an der Donau
Niederösterreich	Engelhartstetten
Niederösterreich	Ennsdorf
Niederösterreich	Enzenreith
Niederösterreich	Enzersdorf an der Fischa
Niederösterreich	Enzersfeld im Weinviertel
Niederösterreich	Enzesfeld-Lindabrunn
Niederösterreich	Erlauf
Niederösterreich	Ernstbrunn
Niederösterreich	Ernsthofen
Niederösterreich	Ertl
Niederösterreich	Eschenau
Niederösterreich	Euratsfeld
Niederösterreich	Falkenstein
Niederösterreich	Fallbach
Niederösterreich	Feistritz am Wechsel
Niederösterreich	Felixdorf
Niederösterreich	Fels am Wagram
Niederösterreich	Ferschnitz
Niederösterreich	Fischamend
Niederösterreich	Frankenfels
Niederösterreich	Furth an der Triesting
Niederösterreich	Furth bei Göttweig
Niederösterreich	Gaaden
Niederösterreich	Gablitz
Niederösterreich	Gaming
Niederösterreich	Gänserndorf
Niederösterreich	Gars am Kamp
Niederösterreich	Gastern
Niederösterreich	Gaubitsch
Niederösterreich	Gaweinstal
Niederösterreich	Gedersdorf
Niederösterreich	Geras
Niederösterreich	Gerasdorf bei Wien
Niederösterreich	Gerersdorf
Niederösterreich	Gföhl
Niederösterreich	Gießhübl
Niederösterreich	Glinzendorf
Niederösterreich	Gloggnitz
Niederösterreich	Gmünd
Niederösterreich	Gnadendorf
Niederösterreich	Göllersdorf
Niederösterreich	Golling an der Erlauf
Niederösterreich	Göpfritz an der Wild
Niederösterreich	Göstling an der Ybbs
Niederösterreich	Göttlesbrunn-Arbesthal
Niederösterreich	Götzendorf an der Leitha
Niederösterreich	Grabern
Niederösterreich	Grafenbach-St. Valentin
Niederösterreich	Grafenegg
Niederösterreich	Grafenschlag
Niederösterreich	Grafenwörth
Niederösterreich	Gramatneusiedl
Niederösterreich	Gresten
Niederösterreich	Gresten-Land
Niederösterreich	Grimmenstein
Niederösterreich	Groß Gerungs
Niederösterreich	Großdietmanns
Niederösterreich	Großebersdorf
Niederösterreich	Großengersdorf
Niederösterreich	Groß-Enzersdorf
Niederösterreich	Großgöttfritz
Niederösterreich	Großharras
Niederösterreich	Großhofen
Niederösterreich	Großkrut
Niederösterreich	Großmugl
Niederösterreich	Großriedenthal
Niederösterreich	Großrußbach
Niederösterreich	Großschönau
Niederösterreich	Groß-Schweinbarth
Niederösterreich	Groß-Siegharts
Niederösterreich	Großweikersdorf
Niederösterreich	Grünbach am Schneeberg
Niederösterreich	Gumpoldskirchen
Niederösterreich	Günselsdorf
Niederösterreich	Guntersdorf
Niederösterreich	Guntramsdorf
Niederösterreich	Gutenbrunn
Niederösterreich	Gutenstein
Niederösterreich	Haag
Niederösterreich	Hadersdorf-Kammern
Niederösterreich	Hadres
Niederösterreich	Hafnerbach
Niederösterreich	Hagenbrunn
Niederösterreich	Haidershofen
Niederösterreich	Hainburg a.d. Donau
Niederösterreich	Hainfeld
Niederösterreich	Hardegg
Niederösterreich	Haringsee
Niederösterreich	Harmannsdorf
Niederösterreich	Haslau-Maria Ellend
Niederösterreich	Haugschlag
Niederösterreich	Haugsdorf
Niederösterreich	Haunoldstein
Niederösterreich	Hausbrunn
Niederösterreich	Hauskirchen
Niederösterreich	Hausleiten
Niederösterreich	Heidenreichstein
Niederösterreich	Heiligenkreuz
Niederösterreich	Heldenberg
Niederösterreich	Hennersdorf
Niederösterreich	Hernstein
Niederösterreich	Herrnbaumgarten
Niederösterreich	Herzogenburg
Niederösterreich	Himberg
Niederösterreich	Hinterbrühl
Niederösterreich	Hirschbach
Niederösterreich	Hirtenberg
Niederösterreich	Hochleithen
Niederösterreich	Hochneukirchen-Gschaidt
Niederösterreich	Hochwolkersdorf
Niederösterreich	Hof am Leithaberge
Niederösterreich	Hofamt Priel
Niederösterreich	Höflein
Niederösterreich	Höflein an der Hohen Wand
Niederösterreich	Hofstetten-Grünau
Niederösterreich	Hohe Wand
Niederösterreich	Hohenau an der March
Niederösterreich	Hohenberg
Niederösterreich	Hoheneich
Niederösterreich	Hohenruppersdorf
Niederösterreich	Hohenwarth-Mühlbach a.M.
Niederösterreich	Hollabrunn
Niederösterreich	Hollenstein an der Ybbs
Niederösterreich	Hollenthon
Niederösterreich	Horn
Niederösterreich	Hundsheim
Niederösterreich	Hürm
Niederösterreich	Inzersdorf-Getzersdorf
Niederösterreich	Irnfritz-Messern
Niederösterreich	Jaidhof
Niederösterreich	Japons
Niederösterreich	Jedenspeigen
Niederösterreich	Judenau-Baumgarten
Niederösterreich	Kaltenleutgeben
Niederösterreich	Kapelln
Niederösterreich	Karlstein an der Thaya
Niederösterreich	Karlstetten
Niederösterreich	Kasten bei Böheimkirchen
Niederösterreich	Katzelsdorf
Niederösterreich	Kaumberg
Niederösterreich	Kautzen
Niederösterreich	Kematen an der Ybbs
Niederösterreich	Kilb
Niederösterreich	Kirchberg am Wagram
Niederösterreich	Kirchberg am Walde
Niederösterreich	Kirchberg am Wechsel
Niederösterreich	Kirchberg an der Pielach
Niederösterreich	Kirchschlag
Niederösterreich	Kirchschlag in der Buckligen Welt
Niederösterreich	Kirchstetten
Niederösterreich	Kirnberg an der Mank
Niederösterreich	Klausen-Leopoldsdorf
Niederösterreich	Klein-Neusiedl
Niederösterreich	Klein-Pöchlarn
Niederösterreich	Kleinzell
Niederösterreich	Klosterneuburg
Niederösterreich	Königsbrunn am Wagram
Niederösterreich	Königstetten
Niederösterreich	Korneuburg
Niederösterreich	Kottes-Purk
Niederösterreich	Kottingbrunn
Niederösterreich	Krems an der Donau
Niederösterreich	Kreuttal
Niederösterreich	Kreuzstetten
Niederösterreich	Krumau am Kamp
Niederösterreich	Krumbach
Niederösterreich	Krummnußbaum
Niederösterreich	Laa an der Thaya
Niederösterreich	Laab im Walde
Niederösterreich	Ladendorf
Niederösterreich	Langau
Niederösterreich	Langenlois
Niederösterreich	Langenrohr
Niederösterreich	Langenzersdorf
Niederösterreich	Langschlag
Niederösterreich	Lanzendorf
Niederösterreich	Lanzenkirchen
Niederösterreich	Lassee
Niederösterreich	Laxenburg
Niederösterreich	Leiben
Niederösterreich	Leitzersdorf
Niederösterreich	Lengenfeld
Niederösterreich	Leobendorf
Niederösterreich	Leobersdorf
Niederösterreich	Leopoldsdorf
Niederösterreich	Leopoldsdorf im Marchfelde
Niederösterreich	Lichtenau im Waldviertel
Niederösterreich	Lichtenegg
Niederösterreich	Lichtenwörth
Niederösterreich	Lilienfeld
Niederösterreich	Litschau
Niederösterreich	Loich
Niederösterreich	Loosdorf
Niederösterreich	Ludweis-Aigen
Niederösterreich	Lunz am See
Niederösterreich	Mailberg
Niederösterreich	Maissau
Niederösterreich	Mank
Niederösterreich	Mannersdorf am Leithagebirge
Niederösterreich	Mannsdorf an der Donau
Niederösterreich	Marbach an der Donau
Niederösterreich	Marchegg
Niederösterreich	Maria Enzersdorf
Niederösterreich	Maria Laach am Jauerling
Niederösterreich	Maria Taferl
Niederösterreich	Maria-Anzbach
Niederösterreich	Maria-Lanzendorf
Niederösterreich	Markersdorf-Haindorf
Niederösterreich	Markgrafneusiedl
Niederösterreich	Markt Piesting
Niederösterreich	Martinsberg
Niederösterreich	Matzendorf-Hölles
Niederösterreich	Matzen-Raggendorf
Niederösterreich	Mauerbach
Niederösterreich	Mautern an der Donau
Niederösterreich	Meiseldorf
Niederösterreich	Melk
Niederösterreich	Michelbach
Niederösterreich	Michelhausen
Niederösterreich	Miesenbach
Niederösterreich	Mistelbach
Niederösterreich	Mitterbach am Erlaufsee
Niederösterreich	Mitterndorf an der Fischa
Niederösterreich	Mödling
Niederösterreich	Mönichkirchen
Niederösterreich	Moorbad Harbach
Niederösterreich	Moosbrunn
Niederösterreich	Muckendorf-Wipfing
Niederösterreich	Muggendorf
Niederösterreich	Mühldorf
Niederösterreich	Münchendorf
Niederösterreich	Münichreith-Laimbach
Niederösterreich	Nappersdorf-Kammersdorf
Niederösterreich	Natschbach-Loipersbach
Niederösterreich	Neidling
Niederösterreich	Neudorf bei Staatz
Niederösterreich	Neuhofen an der Ybbs
Niederösterreich	Neulengbach
Niederösterreich	Neumarkt an der Ybbs
Niederösterreich	Neunkirchen
Niederösterreich	Neusiedl an der Zaya
Niederösterreich	Neustadtl an der Donau
Niederösterreich	Neustift-Innermanzing
Niederösterreich	Niederhollabrunn
Niederösterreich	Niederleis
Niederösterreich	Nöchling
Niederösterreich	Nußdorf ob der Traisen
Niederösterreich	Ober-Grafendorf
Niederösterreich	Oberndorf an der Melk
Niederösterreich	Obersiebenbrunn
Niederösterreich	Oberwaltersdorf
Niederösterreich	Obritzberg-Rust
Niederösterreich	Oed-Oehling
Niederösterreich	Opponitz
Niederösterreich	Orth an der Donau
Niederösterreich	Ottenschlag
Niederösterreich	Ottenthal
Niederösterreich	Otterthal
Niederösterreich	Palterndorf-Dobermannsdorf
Niederösterreich	Parbasdorf
Niederösterreich	Paudorf
Niederösterreich	Payerbach
Niederösterreich	Perchtoldsdorf
Niederösterreich	Pernegg
Niederösterreich	Pernersdorf
Niederösterreich	Pernitz
Niederösterreich	Perschling
Niederösterreich	Persenbeug-Gottsdorf
Niederösterreich	Petronell-Carnuntum
Niederösterreich	Petzenkirchen
Niederösterreich	Pfaffenschlag bei Waidhofen a.d.Thaya
Niederösterreich	Pfaffstätten
Niederösterreich	Pillichsdorf
Niederösterreich	Pitten
Niederösterreich	Pöchlarn
Niederösterreich	Pöggstall
Niederösterreich	Pölla
Niederösterreich	Pottendorf
Niederösterreich	Pottenstein
Niederösterreich	Poysdorf
Niederösterreich	Prellenkirchen
Niederösterreich	Pressbaum
Niederösterreich	Prigglitz
Niederösterreich	Prinzersdorf
Niederösterreich	Prottes
Niederösterreich	Puchberg am Schneeberg
Niederösterreich	Puchenstuben
Niederösterreich	Pulkau
Niederösterreich	Purgstall an der Erlauf
Niederösterreich	Purkersdorf
Niederösterreich	Pyhra
Niederösterreich	Raabs an der Thaya
Niederösterreich	Raach am Hochgebirge
Niederösterreich	Raasdorf
Niederösterreich	Rabensburg
Niederösterreich	Rabenstein an der Pielach
Niederösterreich	Ramsau
Niederösterreich	Randegg
Niederösterreich	Rappottenstein
Niederösterreich	Rastenfeld
Niederösterreich	Rauchenwarth
Niederösterreich	Ravelsbach
Niederösterreich	Raxendorf
Niederösterreich	Reichenau an der Rax
Niederösterreich	Reingers
Niederösterreich	Reinsberg
Niederösterreich	Reisenberg
Niederösterreich	Retz
Niederösterreich	Retzbach
Niederösterreich	Ringelsdorf-Niederabsdorf
Niederösterreich	Rohr im Gebirge
Niederösterreich	Rohrau
Niederösterreich	Rohrbach an der Gölsen
Niederösterreich	Röhrenbach
Niederösterreich	Rohrendorf bei Krems
Niederösterreich	Röschitz
Niederösterreich	Rosenburg-Mold
Niederösterreich	Rossatz-Arnsdorf
Niederösterreich	Ruprechtshofen
Niederösterreich	Rußbach
Niederösterreich	Sallingberg
Niederösterreich	Scharndorf
Niederösterreich	Scheibbs
Niederösterreich	Scheiblingkirchen-Thernberg
Niederösterreich	Schollach
Niederösterreich	Schönau an der Triesting
Niederösterreich	Schönbach
Niederösterreich	Schönberg am Kamp
Niederösterreich	Schönbühel-Aggsbach
Niederösterreich	Schönkirchen-Reyersdorf
Niederösterreich	Schottwien
Niederösterreich	Schrattenbach
Niederösterreich	Schrattenberg
Niederösterreich	Schrattenthal
Niederösterreich	Schrems
Niederösterreich	Schwadorf
Niederösterreich	Schwarzau am Steinfeld
Niederösterreich	Schwarzau im Gebirge
Niederösterreich	Schwarzenau
Niederösterreich	Schwarzenbach
Niederösterreich	Schwarzenbach an der Pielach
Niederösterreich	Schwechat
Niederösterreich	Schweiggers
Niederösterreich	Seebenstein
Niederösterreich	Seefeld-Kadolz
Niederösterreich	Seibersdorf
Niederösterreich	Seitenstetten
Niederösterreich	Semmering
Niederösterreich	Senftenberg
Niederösterreich	Sieghartskirchen
Niederösterreich	Sierndorf
Niederösterreich	Sigmundsherberg
Niederösterreich	Sitzenberg-Reidling
Niederösterreich	Sitzendorf an der Schmida
Niederösterreich	Sollenau
Niederösterreich	Sommerein
Niederösterreich	Sonntagberg
Niederösterreich	Sooß
Niederösterreich	Spannberg
Niederösterreich	Spillern
Niederösterreich	Spitz
Niederösterreich	St. Aegyd am Neuwalde
Niederösterreich	St. Andrä-Wördern
Niederösterreich	St. Anton an der Jeßnitz
Niederösterreich	St. Bernhard-Frauenhofen
Niederösterreich	St. Corona am Wechsel
Niederösterreich	St. Egyden am Steinfeld
Niederösterreich	St. Georgen am Reith
Niederösterreich	St. Georgen am Ybbsfelde
Niederösterreich	St. Georgen an der Leys
Niederösterreich	St. Leonhard am Forst
Niederösterreich	St. Leonhard am Hornerwald
Niederösterreich	St. Margarethen an der Sierning
Niederösterreich	St. Martin
Niederösterreich	St. Martin-Karlsbach
Niederösterreich	St. Oswald
Niederösterreich	St. Pantaleon-Erla
Niederösterreich	St. Peter in der Au
Niederösterreich	St. Pölten
Niederösterreich	St. Valentin
Niederösterreich	St. Veit an der Gölsen
Niederösterreich	Staatz
Niederösterreich	Statzendorf
Niederösterreich	Steinakirchen am Forst
Niederösterreich	Stetteldorf am Wagram
Niederösterreich	Stetten
Niederösterreich	Stockerau
Niederösterreich	Stössing
Niederösterreich	Straning-Grafenberg
Niederösterreich	Straß im Straßertale
Niederösterreich	Strasshof an der Nordbahn
Niederösterreich	Stratzing
Niederösterreich	Strengberg
Niederösterreich	Stronsdorf
Niederösterreich	Sulz im Weinviertel
Niederösterreich	Tattendorf
Niederösterreich	Teesdorf
Niederösterreich	Ternitz
Niederösterreich	Texingtal
Niederösterreich	Thaya
Niederösterreich	Theresienfeld
Niederösterreich	Thomasberg
Niederösterreich	Traisen
Niederösterreich	Traiskirchen
Niederösterreich	Traismauer
Niederösterreich	Trattenbach
Niederösterreich	Trautmannsdorf an der Leitha
Niederösterreich	Trumau
Niederösterreich	Tulbing
Niederösterreich	Tulln an der Donau
Niederösterreich	Tullnerbach
Niederösterreich	Türnitz
Niederösterreich	Ulrichskirchen-Schleinbach
Niederösterreich	Unserfrau-Altweitra
Niederösterreich	Untersiebenbrunn
Niederösterreich	Unterstinkenbrunn
Niederösterreich	Velm-Götzendorf
Niederösterreich	Viehdorf
Niederösterreich	Vitis
Niederösterreich	Vösendorf
Niederösterreich	Waidhofen an der Thaya
Niederösterreich	Waidhofen an der Thaya-Land
Niederösterreich	Waidhofen an der Ybbs
Niederösterreich	Waidmannsfeld
Niederösterreich	Waldegg
Niederösterreich	Waldenstein
Niederösterreich	Waldhausen
Niederösterreich	Waldkirchen an der Thaya
Niederösterreich	Wallsee-Sindelburg
Niederösterreich	Walpersbach
Niederösterreich	Wang
Niederösterreich	Warth
Niederösterreich	Wartmannstetten
Niederösterreich	Weiden an der March
Niederösterreich	Weikendorf
Niederösterreich	Weikersdorf am Steinfelde
Niederösterreich	Weinburg
Niederösterreich	Weinzierl am Walde
Niederösterreich	Weissenbach an der Triesting
Niederösterreich	Weißenkirchen in der Wachau
Niederösterreich	Weistrach
Niederösterreich	Weiten
Niederösterreich	Weitersfeld
Niederösterreich	Weitra
Niederösterreich	Wiener Neudorf
Niederösterreich	Wiener Neustadt
Niederösterreich	Wienerwald
Niederösterreich	Wieselburg
Niederösterreich	Wieselburg-Land
Niederösterreich	Wiesmath
Niederösterreich	Wildendürnbach
Niederösterreich	Wilfersdorf
Niederösterreich	Wilhelmsburg
Niederösterreich	Willendorf
Niederösterreich	Wimpassing im Schwarzatale
Niederösterreich	Windigsteig
Niederösterreich	Winklarn
Niederösterreich	Winzendorf-Muthmannsdorf
Niederösterreich	Wölbling
Niederösterreich	Wolfpassing
Niederösterreich	Wolfsbach
Niederösterreich	Wolfsgraben
Niederösterreich	Wolfsthal
Niederösterreich	Wolkersdorf im Weinviertel
Niederösterreich	Wöllersdorf-Steinabrückl
Niederösterreich	Wullersdorf
Niederösterreich	Würflach
Niederösterreich	Würmla
Niederösterreich	Ybbs an der Donau
Niederösterreich	Ybbsitz
Niederösterreich	Yspertal
Niederösterreich	Zeillern
Niederösterreich	Zeiselmauer-Wolfpassing
Niederösterreich	Zelking-Matzleinsdorf
Niederösterreich	Zellerndorf
Niederösterreich	Ziersdorf
Niederösterreich	Zillingdorf
Niederösterreich	Zistersdorf
Niederösterreich	Zöbern
Niederösterreich	Zwentendorf an der Donau
Niederösterreich	Zwettl-Niederösterreich
Niederösterreich	Zwölfaxing
Oberösterreich	Adlwang
Oberösterreich	Afiesl
Oberösterreich	Ahorn
Oberösterreich	Aichkirchen
Oberösterreich	Aigen-Schlägl
Oberösterreich	Aistersheim
Oberösterreich	Alberndorf in der Riedmark
Oberösterreich	Alkoven
Oberösterreich	Allerheiligen im Mühlkreis
Oberösterreich	Allhaming
Oberösterreich	Altenberg bei Linz
Oberösterreich	Altenfelden
Oberösterreich	Altheim
Oberösterreich	Altmünster
Oberösterreich	Altschwendt
Oberösterreich	Ampflwang im Hausruckwald
Oberösterreich	Andorf
Oberösterreich	Andrichsfurt
Oberösterreich	Ansfelden
Oberösterreich	Antiesenhofen
Oberösterreich	Arbing
Oberösterreich	Arnreit
Oberösterreich	Aschach an der Donau
Oberösterreich	Aschach an der Steyr
Oberösterreich	Aspach
Oberösterreich	Asten
Oberösterreich	Attersee am Attersee
Oberösterreich	Attnang-Puchheim
Oberösterreich	Atzbach
Oberösterreich	Atzesberg
Oberösterreich	Auberg
Oberösterreich	Auerbach
Oberösterreich	Aurach am Hongar
Oberösterreich	Aurolzmünster
Oberösterreich	Bachmanning
Oberösterreich	Bad Goisern am Hallstättersee
Oberösterreich	Bad Hall
Oberösterreich	Bad Ischl
Oberösterreich	Bad Kreuzen
Oberösterreich	Bad Leonfelden
Oberösterreich	Bad Schallerbach
Oberösterreich	Bad Wimsbach-Neydharting
Oberösterreich	Bad Zell
Oberösterreich	Baumgartenberg
Oberösterreich	Berg im Attergau
Oberösterreich	Braunau am Inn
Oberösterreich	Brunnenthal
Oberösterreich	Buchkirchen
Oberösterreich	Burgkirchen
Oberösterreich	Desselbrunn
Oberösterreich	Diersbach
Oberösterreich	Dietach
Oberösterreich	Dimbach
Oberösterreich	Dorf an der Pram
Oberösterreich	Ebensee am Traunsee
Oberösterreich	Eberschwang
Oberösterreich	Eberstalzell
Oberösterreich	Edlbach
Oberösterreich	Edt bei Lambach
Oberösterreich	Eferding
Oberösterreich	Eggelsberg
Oberösterreich	Eggendorf im Traunkreis
Oberösterreich	Eggerding
Oberösterreich	Eidenberg
Oberösterreich	Eitzing
Oberösterreich	Engelhartszell
Oberösterreich	Engerwitzdorf
Oberösterreich	Enns
Oberösterreich	Enzenkirchen
Oberösterreich	Eschenau im Hausruckkreis
Oberösterreich	Esternberg
Oberösterreich	Feldkirchen an der Donau
Oberösterreich	Feldkirchen bei Mattighofen
Oberösterreich	Fischlham
Oberösterreich	Fornach
Oberösterreich	Fraham
Oberösterreich	Frankenburg am Hausruck
Oberösterreich	Frankenmarkt
Oberösterreich	Franking
Oberösterreich	Freinberg
Oberösterreich	Freistadt
Oberösterreich	Gaflenz
Oberösterreich	Gallneukirchen
Oberösterreich	Gallspach
Oberösterreich	Gampern
Oberösterreich	Garsten
Oberösterreich	Gaspoltshofen
Oberösterreich	Geboltskirchen
Oberösterreich	Geiersberg
Oberösterreich	Geinberg
Oberösterreich	Geretsberg
Oberösterreich	Gilgenberg am Weilhart
Oberösterreich	Gmunden
Oberösterreich	Goldwörth
Oberösterreich	Gosau
Oberösterreich	Gramastetten
Oberösterreich	Grein
Oberösterreich	Grieskirchen
Oberösterreich	Großraming
Oberösterreich	Grünau im Almtal
Oberösterreich	Grünbach
Oberösterreich	Grünburg
Oberösterreich	Gschwandt
Oberösterreich	Gunskirchen
Oberösterreich	Gurten
Oberösterreich	Gutau
Oberösterreich	Haag am Hausruck
Oberösterreich	Hagenberg im Mühlkreis
Oberösterreich	Haibach im Mühlkreis
Oberösterreich	Haibach ob der Donau
Oberösterreich	Haigermoos
Oberösterreich	Hallstatt
Oberösterreich	Handenberg
Oberösterreich	Hargelsberg
Oberösterreich	Hartkirchen
Oberösterreich	Haslach an der Mühl
Oberösterreich	Heiligenberg
Oberösterreich	Helfenberg
Oberösterreich	Hellmonsödt
Oberösterreich	Helpfau-Uttendorf
Oberösterreich	Herzogsdorf
Oberösterreich	Hinterstoder
Oberösterreich	Hinzenbach
Oberösterreich	Hirschbach im Mühlkreis
Oberösterreich	Hochburg-Ach
Oberösterreich	Hofkirchen an der Trattnach
Oberösterreich	Hofkirchen im Mühlkreis
Oberösterreich	Hofkirchen im Traunkreis
Oberösterreich	Hohenzell
Oberösterreich	Höhnhart
Oberösterreich	Holzhausen
Oberösterreich	Hörbich
Oberösterreich	Hörsching
Oberösterreich	Innerschwand am Mondsee
Oberösterreich	Inzersdorf im Kremstal
Oberösterreich	Jeging
Oberösterreich	Julbach
Oberösterreich	Kallham
Oberösterreich	Kaltenberg
Oberösterreich	Katsdorf
Oberösterreich	Kefermarkt
Oberösterreich	Kematen am Innbach
Oberösterreich	Kematen an der Krems
Oberösterreich	Kirchberg bei Mattighofen
Oberösterreich	Kirchberg ob der Donau
Oberösterreich	Kirchberg-Thening
Oberösterreich	Kirchdorf am Inn
Oberösterreich	Kirchdorf an der Krems
Oberösterreich	Kirchham
Oberösterreich	Kirchheim im Innkreis
Oberösterreich	Kirchschlag bei Linz
Oberösterreich	Klaffer am Hochficht
Oberösterreich	Klam
Oberösterreich	Klaus an der Pyhrnbahn
Oberösterreich	Kleinzell im Mühlkreis
Oberösterreich	Kollerschlag
Oberösterreich	Königswiesen
Oberösterreich	Kopfing im Innkreis
Oberösterreich	Kremsmünster
Oberösterreich	Krenglbach
Oberösterreich	Kronstorf
Oberösterreich	Laakirchen
Oberösterreich	Lambach
Oberösterreich	Lambrechten
Oberösterreich	Langenstein
Oberösterreich	Lasberg
Oberösterreich	Laussa
Oberösterreich	Lembach im Mühlkreis
Oberösterreich	Lengau
Oberösterreich	Lenzing
Oberösterreich	Leonding
Oberösterreich	Leopoldschlag
Oberösterreich	Lichtenau im Mühlkreis
Oberösterreich	Lichtenberg
Oberösterreich	Liebenau
Oberösterreich	Linz
Oberösterreich	Lochen am See
Oberösterreich	Lohnsburg am Kobernaußerwald
Oberösterreich	Losenstein
Oberösterreich	Luftenberg an der Donau
Oberösterreich	Manning
Oberösterreich	Marchtrenk
Oberösterreich	Maria Neustift
Oberösterreich	Maria Schmolln
Oberösterreich	Mattighofen
Oberösterreich	Mauerkirchen
Oberösterreich	Mauthausen
Oberösterreich	Mayrhof
Oberösterreich	Meggenhofen
Oberösterreich	Mehrnbach
Oberösterreich	Mettmach
Oberösterreich	Michaelnbach
Oberösterreich	Micheldorf in Oberösterreich
Oberösterreich	Mining
Oberösterreich	Mitterkirchen im Machland
Oberösterreich	Molln
Oberösterreich	Mondsee
Oberösterreich	Moosbach
Oberösterreich	Moosdorf
Oberösterreich	Mörschwang
Oberösterreich	Mühlheim am Inn
Oberösterreich	Munderfing
Oberösterreich	Münzbach
Oberösterreich	Münzkirchen
Oberösterreich	Naarn im Machlande
Oberösterreich	Natternbach
Oberösterreich	Nebelberg
Oberösterreich	Neufelden
Oberösterreich	Neuhofen an der Krems
Oberösterreich	Neuhofen im Innkreis
Oberösterreich	Neukirchen am Walde
Oberösterreich	Neukirchen an der Enknach
Oberösterreich	Neukirchen an der Vöckla
Oberösterreich	Neukirchen bei Lambach
Oberösterreich	Neumarkt im Hausruckkreis
Oberösterreich	Neumarkt im Mühlkreis
Oberösterreich	Neustift im Mühlkreis
Oberösterreich	Niederkappel
Oberösterreich	Niederneukirchen
Oberösterreich	Niederthalheim
Oberösterreich	Niederwaldkirchen
Oberösterreich	Nußbach
Oberösterreich	Nußdorf am Attersee
Oberösterreich	Oberhofen am Irrsee
Oberösterreich	Oberkappel
Oberösterreich	Obernberg am Inn
Oberösterreich	Oberndorf bei Schwanenstadt
Oberösterreich	Oberneukirchen
Oberösterreich	Oberschlierbach
Oberösterreich	Obertraun
Oberösterreich	Oberwang
Oberösterreich	Oepping
Oberösterreich	Offenhausen
Oberösterreich	Oftering
Oberösterreich	Ohlsdorf
Oberösterreich	Ort im Innkreis
Oberösterreich	Ostermiething
Oberösterreich	Ottenschlag im Mühlkreis
Oberösterreich	Ottensheim
Oberösterreich	Ottnang am Hausruck
Oberösterreich	Pabneukirchen
Oberösterreich	Palting
Oberösterreich	Pasching
Oberösterreich	Pattigham
Oberösterreich	Peilstein im Mühlviertel
Oberösterreich	Pennewang
Oberösterreich	Perg
Oberösterreich	Perwang am Grabensee
Oberösterreich	Peterskirchen
Oberösterreich	Pettenbach
Oberösterreich	Peuerbach
Oberösterreich	Pfaffing
Oberösterreich	Pfaffstätt
Oberösterreich	Pfarrkirchen bei Bad Hall
Oberösterreich	Pfarrkirchen im Mühlkreis
Oberösterreich	Piberbach
Oberösterreich	Pichl bei Wels
Oberösterreich	Pierbach
Oberösterreich	Pilsbach
Oberösterreich	Pinsdorf
Oberösterreich	Pischelsdorf am Engelbach
Oberösterreich	Pitzenberg
Oberösterreich	Pollham
Oberösterreich	Polling im Innkreis
Oberösterreich	Pöndorf
Oberösterreich	Pötting
Oberösterreich	Pram
Oberösterreich	Prambachkirchen
Oberösterreich	Pramet
Oberösterreich	Pregarten
Oberösterreich	Puchenau
Oberösterreich	Puchkirchen am Trattberg
Oberösterreich	Pucking
Oberösterreich	Pühret
Oberösterreich	Pupping
Oberösterreich	Putzleinsdorf
Oberösterreich	Raab
Oberösterreich	Rainbach im Innkreis
Oberösterreich	Rainbach im Mühlkreis
Oberösterreich	Rechberg
Oberösterreich	Redleiten
Oberösterreich	Redlham
Oberösterreich	Regau
Oberösterreich	Reichenau im Mühlkreis
Oberösterreich	Reichenthal
Oberösterreich	Reichersberg
Oberösterreich	Reichraming
Oberösterreich	Ried im Innkreis
Oberösterreich	Ried im Traunkreis
Oberösterreich	Ried in der Riedmark
Oberösterreich	Riedau
Oberösterreich	Rohr im Kremstal
Oberösterreich	Rohrbach-Berg
Oberösterreich	Roitham am Traunfall
Oberösterreich	Rosenau am Hengstpaß
Oberösterreich	Roßbach
Oberösterreich	Roßleithen
Oberösterreich	Rottenbach
Oberösterreich	Rüstorf
Oberösterreich	Rutzenham
Oberösterreich	Sandl
Oberösterreich	Sarleinsbach
Oberösterreich	Sattledt
Oberösterreich	Saxen
Oberösterreich	Schalchen
Oberösterreich	Schardenberg
Oberösterreich	Schärding
Oberösterreich	Scharnstein
Oberösterreich	Scharten
Oberösterreich	Schenkenfelden
Oberösterreich	Schiedlberg
Oberösterreich	Schildorn
Oberösterreich	Schlatt
Oberösterreich	Schleißheim
Oberösterreich	Schlierbach
Oberösterreich	Schlüßlberg
Oberösterreich	Schönau im Mühlkreis
Oberösterreich	Schörfling am Attersee
Oberösterreich	Schwand im Innkreis
Oberösterreich	Schwanenstadt
Oberösterreich	Schwarzenberg am Böhmerwald
Oberösterreich	Schwertberg
Oberösterreich	Seewalchen am Attersee
Oberösterreich	Senftenbach
Oberösterreich	Sierning
Oberösterreich	Sigharting
Oberösterreich	Sipbachzell
Oberösterreich	Sonnberg im Mühlkreis
Oberösterreich	Spital am Pyhrn
Oberösterreich	St. Aegidi
Oberösterreich	St. Agatha
Oberösterreich	St. Florian
Oberösterreich	St. Florian am Inn
Oberösterreich	St. Georgen am Fillmannsbach
Oberösterreich	St. Georgen am Walde
Oberösterreich	St. Georgen an der Gusen
Oberösterreich	St. Georgen bei Grieskirchen
Oberösterreich	St. Georgen bei Obernberg am Inn
Oberösterreich	St. Georgen im Attergau
Oberösterreich	St. Gotthard im Mühlkreis
Oberösterreich	St. Johann am Walde
Oberösterreich	St. Johann am Wimberg
Oberösterreich	St. Konrad
Oberösterreich	St. Leonhard bei Freistadt
Oberösterreich	St. Lorenz
Oberösterreich	St. Marien
Oberösterreich	St. Marienkirchen am Hausruck
Oberösterreich	St. Marienkirchen an der Polsenz
Oberösterreich	St. Marienkirchen bei Schärding
Oberösterreich	St. Martin im Innkreis
Oberösterreich	St. Martin im Mühlkreis
Oberösterreich	St. Nikola an der Donau
Oberösterreich	St. Oswald bei Freistadt
Oberösterreich	St. Oswald bei Haslach
Oberösterreich	St. Pankraz
Oberösterreich	St. Pantaleon
Oberösterreich	St. Peter am Hart
Oberösterreich	St. Peter am Wimberg
Oberösterreich	St. Radegund
Oberösterreich	St. Roman
Oberösterreich	St. Stefan am Walde
Oberösterreich	St. Thomas
Oberösterreich	St. Thomas am Blasenstein
Oberösterreich	St. Ulrich bei Steyr
Oberösterreich	St. Ulrich im Mühlkreis
Oberösterreich	St. Veit im Innkreis
Oberösterreich	St. Veit im Mühlkreis
Oberösterreich	St. Willibald
Oberösterreich	St. Wolfgang im Salzkammergut
Oberösterreich	Stadl-Paura
Oberösterreich	Steegen
Oberösterreich	Steinbach am Attersee
Oberösterreich	Steinbach am Ziehberg
Oberösterreich	Steinbach an der Steyr
Oberösterreich	Steinerkirchen an der Traun
Oberösterreich	Steinhaus
Oberösterreich	Steyr
Oberösterreich	Steyregg
Oberösterreich	Straß im Attergau
Oberösterreich	Stroheim
Oberösterreich	Suben
Oberösterreich	Taiskirchen im Innkreis
Oberösterreich	Tarsdorf
Oberösterreich	Taufkirchen an der Pram
Oberösterreich	Taufkirchen an der Trattnach
Oberösterreich	Ternberg
Oberösterreich	Thalheim bei Wels
Oberösterreich	Tiefgraben
Oberösterreich	Timelkam
Oberösterreich	Tollet
Oberösterreich	Tragwein
Oberösterreich	Traun
Oberösterreich	Traunkirchen
Oberösterreich	Treubach
Oberösterreich	Tumeltsham
Oberösterreich	Überackern
Oberösterreich	Ulrichsberg
Oberösterreich	Ungenach
Oberösterreich	Unterach am Attersee
Oberösterreich	Unterweißenbach
Oberösterreich	Unterweitersdorf
Oberösterreich	Utzenaich
Oberösterreich	Vichtenstein
Oberösterreich	Vöcklabruck
Oberösterreich	Vöcklamarkt
Oberösterreich	Vorchdorf
Oberösterreich	Vorderstoder
Oberösterreich	Vorderweißenbach
Oberösterreich	Waizenkirchen
Oberösterreich	Waldburg
Oberösterreich	Waldhausen im Strudengau
Oberösterreich	Walding
Oberösterreich	Waldkirchen am Wesen
Oberösterreich	Waldneukirchen
Oberösterreich	Waldzell
Oberösterreich	Wallern an der Trattnach
Oberösterreich	Wartberg an der Krems
Oberösterreich	Wartberg ob der Aist
Oberösterreich	Weibern
Oberösterreich	Weilbach
Oberösterreich	Weißenkirchen im Attergau
Oberösterreich	Weißkirchen an der Traun
Oberösterreich	Weitersfelden
Oberösterreich	Wels
Oberösterreich	Wendling
Oberösterreich	Weng im Innkreis
Oberösterreich	Wernstein am Inn
Oberösterreich	Weyer
Oberösterreich	Weyregg am Attersee
Oberösterreich	Wilhering
Oberösterreich	Windhaag bei Freistadt
Oberösterreich	Windhaag bei Perg
Oberösterreich	Windischgarsten
Oberösterreich	Wippenham
Oberösterreich	Wolfern
Oberösterreich	Wolfsegg am Hausruck
Oberösterreich	Zell am Moos
Oberösterreich	Zell am Pettenfirst
Oberösterreich	Zell an der Pram
Oberösterreich	Zwettl an der Rodl
Salzburg	Abtenau
Salzburg	Adnet
Salzburg	Altenmarkt im Pongau
Salzburg	Anif
Salzburg	Annaberg-Lungötz
Salzburg	Anthering
Salzburg	Bad Gastein
Salzburg	Bad Hofgastein
Salzburg	Bad Vigaun
Salzburg	Bergheim
Salzburg	Berndorf bei Salzburg
Salzburg	Bischofshofen
Salzburg	Bramberg am Wildkogel
Salzburg	Bruck an der Großglocknerstraße
Salzburg	Bürmoos
Salzburg	Dienten am Hochkönig
Salzburg	Dorfbeuern
Salzburg	Dorfgastein
Salzburg	Eben im Pongau
Salzburg	Ebenau
Salzburg	Elixhausen
Salzburg	Elsbethen
Salzburg	Eugendorf
Salzburg	Faistenau
Salzburg	Filzmoos
Salzburg	Flachau
Salzburg	Forstau
Salzburg	Fusch an der Großglocknerstraße
Salzburg	Fuschl am See
Salzburg	Goldegg
Salzburg	Golling an der Salzach
Salzburg	Göming
Salzburg	Göriach
Salzburg	Grödig
Salzburg	Großarl
Salzburg	Großgmain
Salzburg	Hallein
Salzburg	Hallwang
Salzburg	Henndorf am Wallersee
Salzburg	Hintersee
Salzburg	Hof bei Salzburg
Salzburg	Hollersbach im Pinzgau
Salzburg	Hüttau
Salzburg	Hüttschlag
Salzburg	Kaprun
Salzburg	Kleinarl
Salzburg	Koppl
Salzburg	Köstendorf
Salzburg	Krimml
Salzburg	Krispl
Salzburg	Kuchl
Salzburg	Lamprechtshausen
Salzburg	Lend
Salzburg	Leogang
Salzburg	Lessach
Salzburg	Lofer
Salzburg	Maishofen
Salzburg	Maria Alm am Steinernen Meer
Salzburg	Mariapfarr
Salzburg	Mattsee
Salzburg	Mauterndorf
Salzburg	Mittersill
Salzburg	Mühlbach am Hochkönig
Salzburg	Muhr
Salzburg	Neukirchen am Großvenediger
Salzburg	Neumarkt am Wallersee
Salzburg	Niedernsill
Salzburg	Nußdorf am Haunsberg
Salzburg	Oberalm
Salzburg	Oberndorf bei Salzburg
Salzburg	Obertrum am See
Salzburg	Pfarrwerfen
Salzburg	Piesendorf
Salzburg	Plainfeld
Salzburg	Puch bei Hallein
Salzburg	Radstadt
Salzburg	Ramingstein
Salzburg	Rauris
Salzburg	Rußbach am Paß Gschütt
Salzburg	Saalbach-Hinterglemm
Salzburg	Saalfelden am Steinernen Meer
Salzburg	Salzburg
Salzburg	Sankt Andrä im Lungau
Salzburg	Sankt Georgen bei Salzburg
Salzburg	Sankt Gilgen
Salzburg	Sankt Johann im Pongau
Salzburg	Sankt Koloman
Salzburg	Sankt Margarethen im Lungau
Salzburg	Sankt Martin am Tennengebirge
Salzburg	Sankt Martin bei Lofer
Salzburg	Sankt Michael im Lungau
Salzburg	Sankt Veit im Pongau
Salzburg	Scheffau am Tennengebirge
Salzburg	Schleedorf
Salzburg	Schwarzach im Pongau
Salzburg	Seeham
Salzburg	Seekirchen am Wallersee
Salzburg	Straßwalchen
Salzburg	Strobl
Salzburg	Stuhlfelden
Salzburg	Tamsweg
Salzburg	Taxenbach
Salzburg	Thalgau
Salzburg	Thomatal
Salzburg	Tweng
Salzburg	Unken
Salzburg	Unternberg
Salzburg	Untertauern
Salzburg	Uttendorf
Salzburg	Viehhofen
Salzburg	Wagrain
Salzburg	Wald im Pinzgau
Salzburg	Wals-Siezenheim
Salzburg	Weißbach bei Lofer
Salzburg	Weißpriach
Salzburg	Werfen
Salzburg	Werfenweng
Salzburg	Zederhaus
Salzburg	Zell am See
Steiermark	Admont
Steiermark	Aflenz
Steiermark	Aich
Steiermark	Aigen im Ennstal
Steiermark	Albersdorf-Prebuch
Steiermark	Allerheiligen bei Wildon
Steiermark	Altaussee
Steiermark	Altenmarkt bei Sankt Gallen
Steiermark	Anger
Steiermark	Ardning
Steiermark	Arnfels
Steiermark	Bad Aussee
Steiermark	Bad Blumau
Steiermark	Bad Gleichenberg
Steiermark	Bad Mitterndorf
Steiermark	Bad Radkersburg
Steiermark	Bad Waltersdorf
Steiermark	Bärnbach
Steiermark	Birkfeld
Steiermark	Breitenau am Hochlantsch
Steiermark	Bruck an der Mur
Steiermark	Buch-St. Magdalena
Steiermark	Burgau
Steiermark	Dechantskirchen
Steiermark	Deutsch Goritz
Steiermark	Deutschfeistritz
Steiermark	Deutschlandsberg
Steiermark	Dobl-Zwaring
Steiermark	Ebersdorf
Steiermark	Edelsbach bei Feldbach
Steiermark	Edelschrott
Steiermark	Eggersdorf bei Graz
Steiermark	Ehrenhausen an der Weinstraße
Steiermark	Eibiswald
Steiermark	Eichkögl
Steiermark	Eisenerz
Steiermark	Empersdorf
Steiermark	Fehring
Steiermark	Feistritztal
Steiermark	Feldbach
Steiermark	Feldkirchen bei Graz
Steiermark	Fernitz-Mellach
Steiermark	Fischbach
Steiermark	Fladnitz an der Teichalm
Steiermark	Floing
Steiermark	Fohnsdorf
Steiermark	Frauental an der Laßnitz
Steiermark	Friedberg
Steiermark	Frohnleiten
Steiermark	Fürstenfeld
Steiermark	Gaal
Steiermark	Gabersdorf
Steiermark	Gaishorn am See
Steiermark	Gamlitz
Steiermark	Gasen
Steiermark	Geistthal-Södingberg
Steiermark	Gersdorf an der Feistritz
Steiermark	Gleinstätten
Steiermark	Gleisdorf
Steiermark	Gnas
Steiermark	Gössendorf
Steiermark	Grafendorf bei Hartberg
Steiermark	Gralla
Steiermark	Gratkorn
Steiermark	Gratwein-Straßengel
Steiermark	Graz
Steiermark	Greinbach
Steiermark	Gröbming
Steiermark	Groß Sankt Florian
Steiermark	Großklein
Steiermark	Großsteinbach
Steiermark	Großwilfersdorf
Steiermark	Grundlsee
Steiermark	Gutenberg-Stenzengreith
Steiermark	Halbenrain
Steiermark	Hart bei Graz
Steiermark	Hartberg
Steiermark	Hartberg Umgebung
Steiermark	Hartl
Steiermark	Haselsdorf-Tobelbad
Steiermark	Haus
Steiermark	Hausmannstätten
Steiermark	Heiligenkreuz am Waasen
Steiermark	Heimschuh
Steiermark	Hengsberg
Steiermark	Hirschegg-Pack
Steiermark	Hitzendorf
Steiermark	Hofstätten an der Raab
Steiermark	Hohentauern
Steiermark	Ilz
Steiermark	Ilztal
Steiermark	Irdning-Donnersbachtal
Steiermark	Jagerberg
Steiermark	Judenburg
Steiermark	Kainach bei Voitsberg
Steiermark	Kainbach bei Graz
Steiermark	Kaindorf
Steiermark	Kalsdorf bei Graz
Steiermark	Kalwang
Steiermark	Kammern im Liesingtal
Steiermark	Kapfenberg
Steiermark	Kapfenstein
Steiermark	Kindberg
Steiermark	Kirchbach-Zerlach
Steiermark	Kirchberg an der Raab
Steiermark	Kitzeck im Sausal
Steiermark	Klöch
Steiermark	Knittelfeld
Steiermark	Kobenz
Steiermark	Köflach
Steiermark	Krakau
Steiermark	Kraubath an der Mur
Steiermark	Krieglach
Steiermark	Krottendorf-Gaisfeld
Steiermark	Kumberg
Steiermark	Lafnitz
Steiermark	Landl
Steiermark	Lang
Steiermark	Langenwang
Steiermark	Lannach
Steiermark	Lassing
Steiermark	Laßnitzhöhe
Steiermark	Lebring-Sankt Margarethen
Steiermark	Leibnitz
Steiermark	Leoben
Steiermark	Leutschach an der Weinstraße
Steiermark	Lieboch
Steiermark	Liezen
Steiermark	Ligist
Steiermark	Lobmingtal
Steiermark	Loipersdorf bei Fürstenfeld
Steiermark	Ludersdorf-Wilfersdorf
Steiermark	Maria Lankowitz
Steiermark	Mariazell
Steiermark	Markt Hartmannsdorf
Steiermark	Mautern in Steiermark
Steiermark	Mettersdorf am Saßbach
Steiermark	Michaelerberg-Pruggern
Steiermark	Miesenbach bei Birkfeld
Steiermark	Mitterberg-Sankt Martin
Steiermark	Mitterdorf an der Raab
Steiermark	Mooskirchen
Steiermark	Mortantsch
Steiermark	Mühlen
Steiermark	Murau
Steiermark	Mureck
Steiermark	Murfeld
Steiermark	Mürzzuschlag
Steiermark	Naas
Steiermark	Nestelbach bei Graz
Steiermark	Neuberg an der Mürz
Steiermark	Neudau
Steiermark	Neumarkt in der Steiermark
Steiermark	Niederwölz
Steiermark	Niklasdorf
Steiermark	Obdach
Steiermark	Oberhaag
Steiermark	Oberwölz
Steiermark	Öblarn
Steiermark	Ottendorf an der Rittschein
Steiermark	Paldau
Steiermark	Passail
Steiermark	Peggau
Steiermark	Pernegg an der Mur
Steiermark	Pinggau
Steiermark	Pirching am Traubenberg
Steiermark	Pischelsdorf am Kulm
Steiermark	Pölfing-Brunn
Steiermark	Pöllau
Steiermark	Pöllauberg
Steiermark	Pöls-Oberkurzheim
Steiermark	Pölstal
Steiermark	Preding
Steiermark	Premstätten
Steiermark	Proleb
Steiermark	Puch bei Weiz
Steiermark	Pusterwald
Steiermark	Raaba-Grambach
Steiermark	Radmer
Steiermark	Ragnitz
Steiermark	Ramsau am Dachstein
Steiermark	Ranten
Steiermark	Ratten
Steiermark	Rettenegg
Steiermark	Riegersburg
Steiermark	Rohr bei Hartberg
Steiermark	Rohrbach an der Lafnitz
Steiermark	Rosental an der Kainach
Steiermark	Rottenmann
Steiermark	Sankt Andrä-Höch
Steiermark	Sankt Anna am Aigen
Steiermark	Sankt Barbara im Mürztal
Steiermark	Sankt Bartholomä
Steiermark	Sankt Gallen
Steiermark	Sankt Georgen am Kreischberg
Steiermark	Sankt Georgen an der Stiefing
Steiermark	Sankt Georgen ob Judenburg
Steiermark	Sankt Jakob im Walde
Steiermark	Sankt Johann im Saggautal
Steiermark	Sankt Johann in der Haide
Steiermark	Sankt Josef (Weststeiermark)
Steiermark	Sankt Kathrein am Offenegg
Steiermark	Sankt Lambrecht
Steiermark	Sankt Lorenzen am Wechsel
Steiermark	Sankt Lorenzen im Mürztal
Steiermark	Sankt Marein bei Graz
Steiermark	Sankt Marein im Mürztal
Steiermark	Sankt Marein-Feistritz
Steiermark	Sankt Margarethen bei Knittelfeld
Steiermark	Sankt Martin am Wöllmißberg
Steiermark	Sankt Martin im Sulmtal
Steiermark	Sankt Michael in Obersteiermark
Steiermark	Sankt Nikolai im Sausal
Steiermark	Sankt Oswald bei Plankenwarth
Steiermark	Sankt Peter am Ottersbach
Steiermark	Sankt Peter im Sulmtal
Steiermark	Sankt Peter ob Judenburg
Steiermark	Sankt Peter-Freienstein
Steiermark	Sankt Radegund bei Graz
Steiermark	Sankt Ruprecht an der Raab
Steiermark	Sankt Stefan im Rosental
Steiermark	Sankt Stefan ob Leoben
Steiermark	Sankt Stefan ob Stainz
Steiermark	Sankt Veit in der Südsteiermark
Steiermark	Schäffern
Steiermark	Scheifling
Steiermark	Schladming
Steiermark	Schöder
Steiermark	Schwanberg
Steiermark	Schwarzautal
Steiermark	Seckau
Steiermark	Seiersberg-Pirka
Steiermark	Selzthal
Steiermark	Semriach
Steiermark	Sinabelkirchen
Steiermark	Söchau
Steiermark	Söding-Sankt Johann
Steiermark	Sölk
Steiermark	Spielberg
Steiermark	Spital am Semmering
Steiermark	St. Kathrein am Hauenstein
Steiermark	St. Margarethen an der Raab
Steiermark	St. Peter am Kammersberg
Steiermark	Stadl-Predlitz
Steiermark	Stainach-Pürgg
Steiermark	Stainz
Steiermark	Stallhofen
Steiermark	Stanz im Mürztal
Steiermark	Stattegg
Steiermark	Stiwoll
Steiermark	Straden
Steiermark	Strallegg
Steiermark	Straß in Steiermark
Steiermark	Stubenberg
Steiermark	Teufenbach-Katsch
Steiermark	Thal
Steiermark	Thannhausen
Steiermark	Thörl
Steiermark	Tieschen
Steiermark	Tillmitsch
Steiermark	Traboch
Steiermark	Tragöß-Sankt Katharein
Steiermark	Trieben
Steiermark	Trofaiach
Steiermark	Turnau
Steiermark	Übelbach
Steiermark	Unterlamm
Steiermark	Unzmarkt-Frauenburg
Steiermark	Vasoldsberg
Steiermark	Voitsberg
Steiermark	Vorau
Steiermark	Vordernberg
Steiermark	Wagna
Steiermark	Wald am Schoberpaß
Steiermark	Waldbach-Mönichwald
Steiermark	Weinitzen
Steiermark	Weißkirchen in Steiermark
Steiermark	Weiz
Steiermark	Wenigzell
Steiermark	Werndorf
Steiermark	Wettmannstätten
Steiermark	Wies
Steiermark	Wildalpen
Steiermark	Wildon
Steiermark	Wörschach
Steiermark	Wundschuh
Steiermark	Zeltweg
Tirol	Abfaltersbach
Tirol	Absam
Tirol	Achenkirch
Tirol	Ainet
Tirol	Aldrans
Tirol	Alpbach
Tirol	Amlach
Tirol	Ampass
Tirol	Angath
Tirol	Angerberg
Tirol	Anras
Tirol	Arzl im Pitztal
Tirol	Aschau im Zillertal
Tirol	Assling
Tirol	Aurach bei Kitzbühel
Tirol	Außervillgraten
Tirol	Axams
Tirol	Bach
Tirol	Bad Häring
Tirol	Baumkirchen
Tirol	Berwang
Tirol	Biberwier
Tirol	Bichlbach
Tirol	Birgitz
Tirol	Brandberg
Tirol	Brandenberg
Tirol	Breitenbach am Inn
Tirol	Breitenwang
Tirol	Brixen im Thale
Tirol	Brixlegg
Tirol	Bruck am Ziller
Tirol	Buch in Tirol
Tirol	Dölsach
Tirol	Ebbs
Tirol	Eben am Achensee
Tirol	Ehenbichl
Tirol	Ehrwald
Tirol	Elbigenalp
Tirol	Ellbögen
Tirol	Ellmau
Tirol	Elmen
Tirol	Erl
Tirol	Faggen
Tirol	Fendels
Tirol	Fieberbrunn
Tirol	Finkenberg
Tirol	Fiss
Tirol	Flaurling
Tirol	Fließ
Tirol	Flirsch
Tirol	Forchach
Tirol	Fritzens
Tirol	Fügen
Tirol	Fügenberg
Tirol	Fulpmes
Tirol	Gaimberg
Tirol	Gallzein
Tirol	Galtür
Tirol	Gerlos
Tirol	Gerlosberg
Tirol	Gnadenwald
Tirol	Going am Wilden Kaiser
Tirol	Götzens
Tirol	Gramais
Tirol	Grän
Tirol	Gries am Brenner
Tirol	Gries im Sellrain
Tirol	Grins
Tirol	Grinzens
Tirol	Gschnitz
Tirol	Haiming
Tirol	Hainzenberg
Tirol	Hall in Tirol
Tirol	Hart im Zillertal
Tirol	Häselgehr
Tirol	Hatting
Tirol	Heinfels
Tirol	Heiterwang
Tirol	Hinterhornbach
Tirol	Hippach
Tirol	Hochfilzen
Tirol	Höfen
Tirol	Holzgau
Tirol	Hopfgarten im Brixental
Tirol	Hopfgarten in Defereggen
Tirol	Imst
Tirol	Imsterberg
Tirol	Innervillgraten
Tirol	Innsbruck
Tirol	Inzing
Tirol	Ischgl
Tirol	Iselsberg-Stronach
Tirol	Itter
Tirol	Jenbach
Tirol	Jerzens
Tirol	Jochberg
Tirol	Jungholz
Tirol	Kaisers
Tirol	Kals am Großglockner
Tirol	Kaltenbach
Tirol	Kappl
Tirol	Karres
Tirol	Karrösten
Tirol	Kartitsch
Tirol	Kaunerberg
Tirol	Kaunertal
Tirol	Kauns
Tirol	Kematen in Tirol
Tirol	Kirchberg in Tirol
Tirol	Kirchbichl
Tirol	Kirchdorf in Tirol
Tirol	Kitzbühel
Tirol	Kolsass
Tirol	Kolsassberg
Tirol	Kössen
Tirol	Kramsach
Tirol	Kufstein
Tirol	Kundl
Tirol	Ladis
Tirol	Landeck
Tirol	Längenfeld
Tirol	Langkampfen
Tirol	Lans
Tirol	Lavant
Tirol	Lechaschau
Tirol	Leisach
Tirol	Lermoos
Tirol	Leutasch
Tirol	Lienz
Tirol	Mariastein
Tirol	Matrei am Brenner
Tirol	Matrei in Osttirol
Tirol	Mayrhofen
Tirol	Mieders
Tirol	Mieming
Tirol	Mils
Tirol	Mils bei Imst
Tirol	Mötz
Tirol	Mühlbachl
Tirol	Münster
Tirol	Musau
Tirol	Mutters
Tirol	Namlos
Tirol	Nassereith
Tirol	Natters
Tirol	Nauders
Tirol	Navis
Tirol	Nesselwängle
Tirol	Neustift im Stubaital
Tirol	Niederndorf
Tirol	Niederndorferberg
Tirol	Nikolsdorf
Tirol	Nußdorf-Debant
Tirol	Oberhofen im Inntal
Tirol	Oberlienz
Tirol	Obernberg am Brenner
Tirol	Oberndorf in Tirol
Tirol	Oberperfuss
Tirol	Obertilliach
Tirol	Obsteig
Tirol	Oetz
Tirol	Patsch
Tirol	Pettnau
Tirol	Pettneu am Arlberg
Tirol	Pfaffenhofen
Tirol	Pfafflar
Tirol	Pflach
Tirol	Pfons
Tirol	Pfunds
Tirol	Pians
Tirol	Pill
Tirol	Pinswang
Tirol	Polling in Tirol
Tirol	Prägraten am Großvenediger
Tirol	Prutz
Tirol	Radfeld
Tirol	Ramsau im Zillertal
Tirol	Ranggen
Tirol	Rattenberg
Tirol	Reith bei Kitzbühel
Tirol	Reith bei Seefeld
Tirol	Reith im Alpbachtal
Tirol	Rettenschöss
Tirol	Reutte
Tirol	Ried im Oberinntal
Tirol	Ried im Zillertal
Tirol	Rietz
Tirol	Rinn
Tirol	Rohrberg
Tirol	Roppen
Tirol	Rum
Tirol	Sautens
Tirol	Scharnitz
Tirol	Schattwald
Tirol	Scheffau am Wilden Kaiser
Tirol	Schlaiten
Tirol	Schlitters
Tirol	Schmirn
Tirol	Schönberg im Stubaital
Tirol	Schönwies
Tirol	Schwaz
Tirol	Schwendau
Tirol	Schwendt
Tirol	Schwoich
Tirol	See
Tirol	Seefeld in Tirol
Tirol	Sellrain
Tirol	Serfaus
Tirol	Sillian
Tirol	Silz
Tirol	Sistrans
Tirol	Sölden
Tirol	Söll
Tirol	Spiss
Tirol	St. Anton am Arlberg
Tirol	St. Jakob in Defereggen
Tirol	St. Jakob in Haus
Tirol	St. Johann im Walde
Tirol	St. Johann in Tirol
Tirol	St. Leonhard im Pitztal
Tirol	St. Sigmund im Sellrain
Tirol	St. Ulrich am Pillersee
Tirol	St. Veit in Defereggen
Tirol	Stams
Tirol	Stans
Tirol	Stanz bei Landeck
Tirol	Stanzach
Tirol	Steeg
Tirol	Steinach am Brenner
Tirol	Steinberg am Rofan
Tirol	Strass im Zillertal
Tirol	Strassen
Tirol	Strengen
Tirol	Stumm
Tirol	Stummerberg
Tirol	Tannheim
Tirol	Tarrenz
Tirol	Telfes im Stubai
Tirol	Telfs
Tirol	Terfens
Tirol	Thaur
Tirol	Thiersee
Tirol	Thurn
Tirol	Tobadill
Tirol	Tösens
Tirol	Trins
Tirol	Tristach
Tirol	Tulfes
Tirol	Tux
Tirol	Uderns
Tirol	Umhausen
Tirol	Unterperfuss
Tirol	Untertilliach
Tirol	Vals
Tirol	Vils
Tirol	Virgen
Tirol	Volders
Tirol	Völs
Tirol	Vomp
Tirol	Vorderhornbach
Tirol	Waidring
Tirol	Walchsee
Tirol	Wängle
Tirol	Wattenberg
Tirol	Wattens
Tirol	Weer
Tirol	Weerberg
Tirol	Weißenbach am Lech
Tirol	Wenns
Tirol	Westendorf
Tirol	Wiesing
Tirol	Wildermieming
Tirol	Wildschönau
Tirol	Wörgl
Tirol	Zams
Tirol	Zell am Ziller
Tirol	Zellberg
Tirol	Zirl
Tirol	Zöblen
Vorarlberg	Alberschwende
Vorarlberg	Altach
Vorarlberg	Andelsbuch
Vorarlberg	Au
Vorarlberg	Bartholomäberg
Vorarlberg	Bezau
Vorarlberg	Bildstein
Vorarlberg	Bizau
Vorarlberg	Blons
Vorarlberg	Bludenz
Vorarlberg	Bludesch
Vorarlberg	Brand
Vorarlberg	Bregenz
Vorarlberg	Buch
Vorarlberg	Bürs
Vorarlberg	Bürserberg
Vorarlberg	Dalaas
Vorarlberg	Damüls
Vorarlberg	Doren
Vorarlberg	Dornbirn
Vorarlberg	Düns
Vorarlberg	Dünserberg
Vorarlberg	Egg
Vorarlberg	Eichenberg
Vorarlberg	Feldkirch
Vorarlberg	Fontanella
Vorarlberg	Frastanz
Vorarlberg	Fraxern
Vorarlberg	Fußach
Vorarlberg	Gaißau
Vorarlberg	Gaschurn
Vorarlberg	Göfis
Vorarlberg	Götzis
Vorarlberg	Hard
Vorarlberg	Hittisau
Vorarlberg	Höchst
Vorarlberg	Hohenems
Vorarlberg	Hohenweiler
Vorarlberg	Hörbranz
Vorarlberg	Innerbraz
Vorarlberg	Kennelbach
Vorarlberg	Klaus
Vorarlberg	Klösterle
Vorarlberg	Koblach
Vorarlberg	Krumbach
Vorarlberg	Langen bei Bregenz
Vorarlberg	Langenegg
Vorarlberg	Laterns
Vorarlberg	Lauterach
Vorarlberg	Lech
Vorarlberg	Lingenau
Vorarlberg	Lochau
Vorarlberg	Lorüns
Vorarlberg	Ludesch
Vorarlberg	Lustenau
Vorarlberg	Mäder
Vorarlberg	Meiningen
Vorarlberg	Mellau
Vorarlberg	Mittelberg
Vorarlberg	Möggers
Vorarlberg	Nenzing
Vorarlberg	Nüziders
Vorarlberg	Raggal
Vorarlberg	Rankweil
Vorarlberg	Reuthe
Vorarlberg	Riefensberg
Vorarlberg	Röns
Vorarlberg	Röthis
Vorarlberg	Satteins
Vorarlberg	Schlins
Vorarlberg	Schnepfau
Vorarlberg	Schnifis
Vorarlberg	Schoppernau
Vorarlberg	Schröcken
Vorarlberg	Schruns
Vorarlberg	Schwarzach
Vorarlberg	Schwarzenberg
Vorarlberg	Sibratsgfäll
Vorarlberg	Silbertal
Vorarlberg	Sonntag
Vorarlberg	St. Anton im Montafon
Vorarlberg	St. Gallenkirch
Vorarlberg	St. Gerold
Vorarlberg	Stallehr
Vorarlberg	Sulz
Vorarlberg	Sulzberg
Vorarlberg	Thüringen
Vorarlberg	Thüringerberg
Vorarlberg	Tschagguns
Vorarlberg	Übersaxen
Vorarlberg	Vandans
Vorarlberg	Viktorsberg
Vorarlberg	Warth
Vorarlberg	Weiler
Vorarlberg	Wolfurt
Vorarlberg	Zwischenwasser
Wien	Wien
