40	Братислава	Pozsony/R
12	Братислав	Pozsony/R
10	Ужгород	Ungvár/R
4	Сатумаре	Szatmárnémeti/R
3	Клуж	Kolozsvár/R
2	Уйнешт	Újpest/R
1	Нойморуш	Nagymaros/R
1	Мезуйбери	Mezőberény/R
1	Зетолоко	Zetelaka/R
1304	Острогожск	Osztrogozsszk;Ostrogozhsk/R
498	Сторожевое	Sztorozsevoje;Storozhevoye 1-Ye/R
408	Николаевка	Nikolaevka;Nikolayevka;Mykolaivka;Mikolaivka/R
368	Острогорск	Osztrogozsszk;Ostrogozhsk/R
347	Братиславль	Pozsony/R
324	Касторное	Kastornoye;Kasztornoje/R
310	р-не Будапешт	Budapest/R
305	Унтергайт	Unterhaid/R
305	Унтергайд	Unterhaid/R
299	Брюн	Brünn;Brno/R
272	р-не Будапешта	Budapest/R
272	Коломия	Kolomija;Kolomjia/R
269	Сентфлориан	Sankt Florian/R
203	Коломея	Kolomija;Kolomjia/R
200	по месту жительства	lakóhelyén/R
181	Кенигрец	Königgrätz;Hradec Králové/R
177	Архангельское	Arkhangelskoye;Arkhangel'skoye/R
168	Старый Оскол	Sztarij Oszkol/R
151	Унтерхайд	Unterhaid/R
148	Алексеевка	Alekszejevka/R
147	Санпельтен	Sankt Pölten/R
139	Каплиц	Kaplice/R
137	Грайсвальд	Greifswald/R
134	Воронеж	Voronyezs/R
129	Касторная	Kastornoye;Kasztornoje/R
127	Оскино	Oskino;Os'kino/R
123	Надудвар	Nádudvar/R
121	Карпатах	Kárpátok/R
115	Ушгород	Ungvár/R
115	Унтерхайт	Unterhaid/R
110	Делатин	Deljatin;Deliatyn;Delatyn/R
106	р-не Золо	Zala/R
102	УССР	USzSzR;Ukrán Szovjet Szocialista Köztársaság/R
100	Герцекут	Hercegkút/R
98	Краснобельтык	Krasznabéltek/R
97	Бреслау	Wroclaw;Boroszló;Breslau/R
91	Марбург	Marburg/R
89	Унтергай	Unterhaid/R
86	Сан-Пельтен	Sankt Pölten/R
86	Надворна	Nadvorna;Nadvirna/R
84	Ст. Оскол	Sztarij Oszkol/R
81	Санктпельтен	Sankt Pölten/R
81	Надворно	Nadvorna;Nadvirna/R
73	Унтергайд	Unterhaid/R
72	дому	otthon/R
70	Уйкидеш	Újkígyós/R
70	Сату-Маре	Szatmárnémeti;Szatmár/R
70	Косторное	Kastornoye;Kasztornoje/R
70	Колбино	Kolbino/R
68	Страконице	Strakonice/R
67	р-не Коломея	Kolomija;Kolomjia/R
65	р-не Коломыя	Kolomija;Kolomjia/R
65	Оберплан	Oberplan;Horní Plana/R
62	Ландсберг	Landsberg/R
62	Америка	Amerika/R
61	р-не Шопрон	Sopron;Soproni járás/R
60	Сентфлория	Sankt Florian/R
60	р-не Коломия	Kolomija;Kolomjia/R
59	Карпенково	Karpenkovo/R
58	Яблочное	Jablocsnoje;Yablochnoye/R
58	Франкфурт	Frankfurt/R
58	Сентфлориа	Sankt Florian/R
57	Будапешт VIII	Budapest VIII. kerület/R
55	Санкпельтен	Sankt Pölten/R
54	Мункачево	Munkács/R
53	Сантпельтен	Sankt Pölten/R
53	р-не Ужгород	Ungvár;Ungvári járás/R
53	Бротислава	Pozsony/R
52	Франкфурт на Одере	Frankfurt am Oder;Frankfurt an der Oder;Odera-Frankfurt/R
52	Требонь	Třeboň/R
52	р-не Ваш	Vas/R
52	Острогоржск	Osztrogozsszk;Ostrogozhsk/R
51	Пардубиц	Pardubice/R
51	Головка	Golovka/R
50	Лейбниц	Leibnitz/R
49	Фоут	Fót/R
49	р-не Кечкемет	Kecskemét;Kecskeméti járás/R
47	Цветл	Zwettl/R
47	р-не Вош	Vas/R
46	р-не Перекопа	Perekop/R
46	Кюйсег	Kőszeg/R
45	Унтергальд	Unterhaid/R
45	Грайсфальд	Greifswald/R
45	Болдыревка	Boldirevka;Boldyrevka/R
44	Санктпельтен	Sankt Pölten/R
44	Делатынь	Deljatin;Deliatyn;Delatyn/R
43	Уриф	Uriv/R
43	р-не Пешт	Pest/R
43	Обоян	Obojan;Oboyan/R
43	Новый Оскол	Novij Oszkol/R
43	Кеникгрец	Königgrätz;Hradec Králové/R
42	Унгвард	Ungvár/R
42	Прешов	Eperjes/R
42	Мукачев	Munkács/R
41	Цвитау	Zwittau;Svitavy/R
41	Унтерганд	Unterhaid/R
41	Сентфлориан	Sankt Florian/R
41	р-не Братислава	Pozsony;Pozsonyi járás/R
41	Кремс	Krems/R
41	Будвейс	Budweis;České Budějovice/R
40	р-не Буда	Buda/R
39	Унтергайт	Unterhaid/R
39	Мерк	Mérk/R
38	Сербобран	Szenttamás/R
38	р-не Дубно	Dubno/R
38	р-не Будо	Buda/R
38	Обоянь	Obojan;Oboyan/R
38	Иглау	Iglau;Jihlava;Igló/R
37	Цартлесдорф	Zartlesdorf;Rybník/R
37	Дайчландсберг	Deutschlandsberg/R
37	Грейсвальд	Greifswald/R
37	Берлином	Berlin/R
36	Коплиц	Kaplice/R
36	Воронежом	Voronyezs/R
35	Сенфлория	Sankt Florian/R
35	Севастополь	Szevasztopol/R
35	Гончаровка	Goncsarovka;Goncharovka/R
35	Братислав.	Pozsony/R
34	Сант-Пельтен	Sankt Pölten/R
34	Одесса	Odessza/R
34	Грайфсвальд	Greifswald/R
33	Сентпелтен	Sankt Pölten/R
33	Санпельтен	Sankt Pölten/R
33	р-не Зола	Zala/R
33	Пешт-Меде	Pest/R
32	Пизен	Pilsen;Plzeň/R
32	Минск	Minszk/R
32	Кюйсек	Kőszeg/R
32	Гогенау	Gaggenau/R
31	Сенсард	Szekszárd/R
31	Острогожк	Osztrogozsszk;Ostrogozhsk/R
31	Ландеберг	Landsberg/R
31	Конушвар	Kaposvár;Kapuvár/R
31	БССР	BSzSzR;Belorusz Szovjet Szocialista Köztársaság/R
30	Санкт-Пельтен	Sankt Pölten/R
30	р-не Мишкольц	Miskolc;Miskolci járás/R
30	Зологерсек	Zalaegerszeg/R
30	Граз	Graz/R
30	взят из дома	otthonról elhurcolt/R
30	Братислов	Pozsony/R
29	Унтергольд	Unterhaid/R
29	Самбатай	Szombathely/R
29	Берегдейдо	Beregdéda/R
29	Бенешов	Benešov/R
28	Шлофок	Siófok/R
28	Унтергайм	Unterhaid/R
28	Солнцево	Szolncevo;Solntsevo/R
28	р-не Ковель	Kovel/R
28	р-не Воронежа	Voronyezs/R
28	Перлеберг	Perleberg/R
28	Дойчброд	Deutschbrod;Havlíčkův Brod/R
28	Деречко	Derecske/R
28	Бенешау	Benešov/R
27	Цветель	Zwettl/R
27	Унтергай	Unterhaid/R
27	СССР	SzSzSzR;Szovjet Szocialista Köztársaságok Szövetsége;Szovjetunió/R
27	р-не Унгвар	Ungvár;Ungvári járás/R
27	Пресбург	Pozsony/R
27	Морошевиз	Maroshévíz/R
27	Лансберг	Landsberg/R
27	Дойчланберг	Deutschlandsberg/R
27	Бротиславль	Pozsony/R
27	Арокты	Ároktő/R
26	Унтерхаль	Unterhaid/R
26	Унтергальд	Unterhaid/R
26	Сенготхарт	Szentgotthárd/R
26	Санктфлория	Sankt Florian/R
26	р-не Прешов	Eperjes;Eperjesi járás/R
26	р-не Коломыи	Kolomija;Kolomjia/R
26	Вамошбалок	Vámosbalog/R
26	Валуйки	Valujki/R
26	Абауй	Abaúj/R
25	Чешска Липа	Česká Lípa/R
25	Унтергант	Unterhaid/R
25	р-не Эгер	Eger;Egri járás/R
25	Новый сад	Újvidék/R
25	Дунайская Стреда	Dunaszerdahely/R
25	Делатын	Deljatin;Deliatyn;Delatyn/R
24	Сантпелтен	Sankt Pölten/R
24	Ольмиц	Olmütz;Olomouc/R
24	Обоуй	Abaúj/R
24	Нестербах	Nestelbach/R
24	Ляйбниц	Leibnitz/R
24	Земпли	Zemplén/R
24	Борнхольм	Bornholm/R
23	Унтергойт	Unterhaid/R
23	Санпелтен	Sankt Pölten/R
23	Рунгури	Rungury;Runhury/R
23	оз. Балатон	Balaton tó/R
23	Ноуград	Nógrád/R
23	Золагерсек	Zalaegerszeg/R
23	Екатериновка	Jekatyerinovka/R
23	Делятин	Deljatin;Deliatyn;Delatyn/R
22	Ясонаты	Jászapáti/R
22	Шороншар	Soroksár/R
22	Унтерхай	Unterhaid/R
22	р-не Берлина	Berlin/R
22	Ратибор	Ratiboř/R
22	Мукачева	Munkács/R
22	Коломыя	Kolomija;Kolomjia/R
22	Домрад	Dombrád/R
22	Дойчламберг	Deutschlandsberg/R
22	Грейсвалд	Greifswald/R
22	Генрихдорф	Heinrichsdorf/R
21	Хогенау	Hagenau/R
21	Сантфлориан	Sankt Florian/R
21	Сампельтен	Sankt Pölten/R
21	р-не Коложвар	Kolozsvár;Kolozsvári járás/R
21	Острогожек	Osztrogozsszk;Ostrogozhsk/R
21	Модьяровар	Magyaróvár/R
21	Литорадлице	Litoradlice/R
21	Клецко	Klecko/R
21	Иглоу	Iglau;Jihlava;Igló/R
21	Дочлонберг	Deutschlandsberg/R
20	Ясонати	Jászapáti/R
20	Трансильвании	Erdély/R
20	Сенфлория	Sankt Florian/R
20	Сентпельтен	Sankt Pölten/R
20	Сантфлория	Sankt Florian/R
20	Санпюльтен	Sankt Pölten/R
20	р-не Комароми	Komárom;Komáromi járás/R
20	р-не Зала	Zala/R
20	р-не Делатин	Deljatin;Deliatyn;Delatyn/R
20	Ковель	Kovel/R
20	Дебренец	Debrecen/R
19	Чактория	Csáktornya/R
19	Цветль	Zwettl/R
19	Хосупай	Hosszúpályi/R
19	Торноуц	Tarnóc/R
19	Сентфлориян	Sankt Florian/R
19	Сантпюльтен	Sankt Pölten/R
19	Сан Пельтен	Sankt Pölten/R
19	Розенау	Rosenau/R
19	р-не Торда	Torda;Tordai járás/R
19	р-не Нодьконижо	Nagykanizsa;Nagykanizsai járás/R
19	р-не Колошвар	Kolozsvár;Kolozsvári járás/R
19	р-не Касторное	Kastornoye;Kasztornoje/R
19	р-не Будапеште	Budapest/R
19	Песшент-Эржибет	Pestszenterzsébet/R
19	Люблин	Lublin/R
19	Лученец	Losonc/R
19	интернирован по месту жительства	lakóhelyéről internálva/R
19	Дойчлансберг	Deutschlandsberg/R
19	Бресбург	Pozsony/R
19	Братислау	Pozsony/R
18	Сумбатай	Szombathely/R
18	Страконица	Strakonice/R
18	Сентандрей	Szentendre/R
18	р-не Дер	Győr;Győri járás/R
18	по месту жительству	lakóhelyén/R
18	Немецкий Брод	Deutschbrod;Havlíčkův Brod;Nemecky Brod/R
18	Недведице	Nedvědice/R
18	Кетедян	Kötegyán/R
18	интренирован	internált/R
18	Бачбодрок	Bács-Bodrog/R
18	арестован на родине	otthon letartóztatták/R
18	Амштетен	Amstetten/R
17	Фокшаны	Foksány;Focșani/R
17	Унтергольд	Unterhaid/R
17	Унтергаид	Unterhaid/R
17	Унпешт	Újpest/R
17	Турулунг	Túrterebes/R
17	Сумботей	Szombathely/R
17	Санфлория	Sankt Florian/R
17	Санкт-Пёльтен	Sankt Pölten/R
17	р-не Шомодь	Somogy/R
17	р-не Курска	Kurszk/R
17	р-не Дюр	Győr;Győri járás/R
17	Понрад	Poprád/R
17	Нодудвар	Nádudvar/R
17	Ишосен	Isaszeg/R
17	Золоэгерск	Zalaegerszeg/R
17	Дрезден	Drezda/R
17	Грайфевальд	Greifswald/R
17	Воронежем	Voronyezs/R
16	Эгор	Eger/R
16	Штокерау	Stockerau/R
16	ЧСР	ČSR;Csehszlovák Köztársaság;Csehszlovákia/R
16	Фельшунейно	Felsőnána/R
16	Требань	Třeboň/R
16	Сентфлорион	Sankt Florian/R
16	Санфлориан	Sankt Florian/R
16	р-не Эстергом	Esztergom;Esztergomi járás/R
16	р-не Шопронь	Sopron;Soproni járás/R
16	р-не Коломня	Kolomija;Kolomjia/R
16	Пешт Меде	Pest/R
16	Отиния	Otinia;Otinija;Otyniya/R
16	Немецкий брод	Deutschbrod;Havlíčkův Brod;Nemecky Brod/R
16	Надькоуни	Nagykónyi/R
16	Кюйсеч	Kőszeg/R
16	Кюйбаня	Kőbánya/R
16	Кротошин	Krotoszyn;Krotoshyn/R
16	Кенизлы	Kenézlő/R
16	интернирован из дому	otthonról internálták/R
16	интернирована	internálták;internált/R
16	Золоэгерсен	Zalaegerszeg/R
16	Городенка	Gorogyenka;Horodenka/R
16	Генрихздорф	Heinrichsdorf/R
16	Воронежский фронт	voronyezsi front/R
16	Бранденбург	Brandenburg/R
16	Берег-Саз	Beregszász/R
16	Альтлибе	Alt Liebe;Stará Libavá/R
15	Шопрон	Sopron/R
15	Чехославакия	Csehszlovákia/R
15	Цветли	Zwettl/R
15	Фельшенайно	Felsőnána/R
15	Фат	Fót/R
15	Уйудвар	Újudvar/R
15	Сомпельтен	Sankt Pölten/R
15	Сенготгард	Szentgotthárd/R
15	Семпельтен	Sankt Pölten/R
15	р-не Мошон	Moson;Mosoni járás/R
15	Н. Оскол	Novij Oszkol/R
15	Новый Сад	Újvidék/R
15	Новисад	Újvidék/R
15	Найморуш	Nagymaros/R
15	Мороштордо	Maros-Torda/R
15	Курском	Kurszk/R
15	Коутой	Kótaj/R
15	Кишковачвагаш	Kiskovácsvágása/R
15	Карлштифт	Karlstift/R
15	Дайчландеберг	Deutschlandsberg/R
15	Генрих дорф	Heinrichsdorf/R
15	Будофон	Budafok/R
15	Будвайс	Budweis;České Budějovice/R
15	Брюн	Brünn;Brno/R
15	Архангельск	Arhangelszk/R
15	Александровка	Ósándorfalva;Alekszandrovka;Oleksandrivka/R
14	Шиофон	Siófok/R
14	Чопрон	Sopron/R
14	Унтергаит	Unterhaid/R
14	Уйведек	Újvidék/R
14	Тимишара	Temesvár/R
14	с места жительства	lakóhelyéről/R
14	Сантпольтен	Sankt Pölten/R
14	Санпольтен	Sankt Pölten/R
14	р-не Ужгорода	Ungvár;Ungvári járás/R
14	р-не Мошонь	Moson;Mosoni járás/R
14	р-не Дунофельдвар	Dunaföldvár;Dunaföldvári járás/R
14	Парканьнано	Párkánynána;Párkány-Nána/R
14	Ойтоз	Ojtoz/R
14	Оберблан	Oberplan;Horní Plana/R
14	Мукочево	Munkács/R
14	Мезертур	Mezőtúr/R
14	Ланцберг	Landsberg/R
14	Кочетовка	Kocsetovka;Kochetovka/R
14	Кенигсгрец	Königgrätz;Hradec Králové/R
14	Дуносердохейм	Dunaszerdahely/R
14	Дунайская стреда	Dunaszerdahely/R
14	Дойчламберг	Deutschlandsberg/R
14	Дейтчброт	Deutschbrod;Havlíčkův Brod/R
14	Дебрецы	Debrecen/R
14	Грайсвалд	Greifswald/R
14	взят из дому	otthonról elhurcolt/R
14	Вамушоте	Vámosatya/R
14	Буда (Будапешт)	Buda (Budapest)/R
14	Брест-Литовск	Breszt-Litovszk;Breszt/R
14	Бекеш Чобо	Békéscsaba/R
13	Энсбах	Ensbach/R
13	Чалокез	Csallóköz/R
13	Цейглед	Cegléd/R
13	Фюленсалаш	Fülöpszállás/R
13	Филипсалаш	Fülöpszállás/R
13	Тевел Толна	Tevel, Tolna megye/R
13	Семпельтен	Sankt Pölten/R
13	Секгард	Szekszárd/R
13	Сваляво	Szolyva/R
13	Сараево	Szarajevó/R
13	р-не Нодь-Конижо	Nagykanizsa;Nagykanizsai járás/R
13	р-не Комаром	Komárom;Komáromi járás/R
13	Ракош-Полота	Rákospalota/R
13	Оськино	Oskino;Os'kino/R
13	Надворня	Nadvorna;Nadvirna/R
13	Мункачев	Munkács/R
13	Кишинев	Kisinyov;Kisjenő;Chișinău/R
13	Кидиуш	Kigyós/R
13	Кежмарок	Késmárk/R
13	Карпатами	Kárpátok/R
13	Ипойша	Ipolyság/R
13	Зололева	Zalalövő/R
13	Делотин	Deljatin;Deliatyn;Delatyn/R
13	Деброцен	Debrecen/R
13	Дальни-уезд	Dolní Újezd/R
13	Гори	Gori/R
13	Вестрин	Veszprém/R
13	Будо-Пеште	Budapest/R
13	Брашев	Brassó/R
13	Берег-Дороц	Beregdaróc/R
13	Аюд	Nagyenyed/R
12	Яснодань	Jászladány/R
12	Янушидо	Jánoshida/R
12	Яблонов	Szepesalmás/R
12	Шольдводке	Soltvadkert/R
12	Ч/словакия	Csehszlovákia/R
12	Чомград	Csongrád/R
12	Ульпешт	Újpest/R
12	Туркевс	Túrkeve/R
12	Тоусек	Tószeg/R
12	Сумботай	Szombathely/R
12	Страконец	Strakonice/R
12	Славонице	Slavonice/R
12	Санпультен	Sankt Pölten/R
12	Самботель	Szombathely/R
12	р-не Мукачево	Munkács;Munkácsi járás/R
12	Репьевка	Repjevka;Rep'yevka/R
12	Олмаш-Комраш	Almáskamarás/R
12	Окидеш	Újkígyós/R
12	Нодькорош	Nagykőrös/R
12	Нодь-Конижо	Nagykanizsa/R
12	Нодоварод	Nagyvárad/R
12	Надошлодань	Nádasdladány/R
12	Кюрмен	Körmend/R
12	Клагенфурт	Klagenfurt/R
12	Иполь	Ipoly/R
12	Золокорош	Zalakőrös/R
12	Дебрецон	Debrecen/R
12	Грейфсвальд	Greifswald/R
12	Вильдон	Wildon/R
12	Вилдон	Wildon/R
12	взят дома	otthonról elhurcolt/R
12	Бухгольц	Buchholz/R
12	Будопештом	Budapest/R
12	Будокеш	Budakeszi/R
12	Будапешт XIII	Budapest XIII. kerület/R
12	Бобруйск	Bobrujszk;Babrujszk/R
12	Берксас	Beregszász/R
12	Баньска-Бистрица	Besztercebánya/R
12	Баньска Бистрица	Besztercebánya/R
11	Ясопат	Jászapáti/R
11	Ясанати	Jászapáti/R
11	Шарбогат	Sárbogárd/R
11	Цейглид	Cegléd/R
11	Цегмит	Cegléd/R
11	Ходмезевашергей	Hódmezővásárhely/R
11	Успенка	Uszpenka/R
11	Унтергейт	Unterhaid/R
11	Уй-Пешт	Újpest/R
11	Уитергайт	Unterhaid/R
11	Уий-Пешт	Újpest/R
11	Ужвар	Ungvár/R
11	Темишора	Temesvár/R
11	Тарнополь	Tarnopol;Ternopil/R
11	Сталинград	Sztálingrád/R
11	Середина Буда	Buda közepe/R
11	Сентпельтен	Sankt Pölten/R
11	Сент-Пельтен	Sankt Pölten/R
11	Сволява	Szolyva/R
11	Сантпельтен	Sankt Pölten/R
11	Сабоцалаш	Szabadszállás/R
11	Рабочече	Rábacsécsény/R
11	Польша	Lengyelország/R
11	Пештгидекут	Pesthidegkút/R
11	Офало	Ófalu/R
11	Нодь Кереш	Nagykőrös/R
11	Нодьваро	Nagyvárad/R
11	Надь Варод	Nagyvárad/R
11	Мезубери	Mezőberény/R
11	Кюнегрец	Königgrätz;Hradec Králové/R
11	Клаузенбург	Kolozsvár/R
11	Кирошториян	Kőröstarján/R
11	Кеусек	Kőszeg/R
11	Кесткей	Keszthely/R
11	Касторной	Kastornoye;Kasztornoje/R
11	интернирован из дома	otthonról internálták/R
11	Инойшаг	Ipolyság/R
11	Дорноватра	Dornavátra/R
11	Дойтшлянберг	Deutschlandsberg/R
11	Дитроу	Ditró/R
11	Дейч-Брот	Deutschbrod;Havlíčkův Brod/R
11	Девовани	Dévaványa/R
11	Госупай	Hosszúpályi/R
11	Генрихсдорф	Heinrichsdorf/R
11	Вовкань	Vokány/R
11	Вернелит	Verpelét/R
11	Будапешт (Буда)	Budapest (Buda)/R
11	Братиславе	Pozsony/R
11	Бранишовице	Branišovice/R
11	Б-пешт	Budapest/R
11	Берекдейдо	Beregdéda/R
11	Балмос-Уйворош	Balmazújváros/R
11	Балмаш-Уйваруш	Balmazújváros/R
10	Ясопата	Jászapáti/R
10	Шпофок	Siófok/R
10	Чехословакия	Csehszlovákia/R
10	Чакбери	Csákberény/R
10	Хаслах	Haslach/R
10	Фоот	Fót/R
10	Фокшани	Foksány;Focșani/R
10	Федвернен	Fegyvernek/R
10	Унтерхайдт	Unterhaid/R
10	Унтергойд	Unterhaid/R
10	Уйпеш	Újpest/R
10	Тыргу-Муреш	Marosvásárhely/R
10	Стар. Оскол	Sztarij Oszkol/R
10	Старожевое	Sztorozsevoje;Storozhevoye 1-Ye/R
10	Соксард	Szekszárd/R
10	Сентфлория	Sankt Florian/R
10	Сентфлориант	Sankt Florian/R
10	Сент-Готард	Szentgotthárd/R
10	Сенпельтен	Sankt Pölten/R
10	Сампельтен	Sankt Pölten/R
10	Румыния	Románia/R
10	Роуносек	Rónaszék/R
10	р-не Тордо	Torda;Tordai járás/R
10	р-не Перлеберг	Perleberg/R
10	р-не Кошице	Kassa;Kassai járás/R
10	р-не Дебрецен	Debrecen/R
10	р-не Гевеш	Heves/R
10	по местожительству	lakóhelyén/R
10	Оунод	Ónod/R
10	Отыня	Otinia;Otinija;Otyniya/R
10	Ондоут	Ondód/R
10	Ольмица	Olmütz;Olomouc/R
10	Ойтуз	Ojtoz/R
10	Нодь Канижа	Nagykanizsa/R
10	Нодь-Берек	Nagybereg/R
10	Нодьбанья	Nagybánya/R
10	Мейкуш	Mélykút/R
10	Мезуйчат	Mezőcsát/R
10	Люкенвальде	Luckenwalde/R
10	Леобен	Leoben/R
10	Кишкун-Мойша	Kiskunmajsa/R
10	Кирайфия	Királyfia/R
10	Кенигрен	Königgrätz;Hradec Králové/R
10	Кениггрец	Königgrätz;Hradec Králové/R
10	Золопаты	Zalaapáti/R
10	Зологерсег	Zalaegerszeg/R
10	Залалева	Zalalövő/R
10	Забегей	Zebegény/R
10	Дойчландсберг	Deutschlandsberg/R
10	Дойчброт	Deutschbrod;Havlíčkův Brod/R
10	Деичланцберг	Deutschlandsberg/R
10	Дайчлансберг	Deutschlandsberg/R
10	Воронежа	Voronyezs/R
10	Венрия	Magyarország/R
10	Братисловль	Pozsony/R
10	Братиславо	Pozsony/R
10	Болгарди	Polgárdi/R
10	Бекеш-Габо	Békéscsaba/R
10	Багмос-Уйварош	Balmazújváros/R
9	Яслода	Jászladány/R
9	Яскорояни	Jászkarajenő/R
9	Яскорояне	Jászkarajenő/R
9	Якобсалош	Jakabszállás/R
9	Юллё	Üllő/R
9	Эрдлигет	Érdliget/R
9	Эденбург	Sopron/R
9	Шарбугар	Sárbogárd/R
9	Шанрон	Sopron/R
9	Чикминцент	Csíkmindszent/R
9	Филаково	Fülek/R
9	Ушород	Ungvár/R
9	Унтергальт	Unterhaid/R
9	Тыргумуреш	Marosvásárhely/R
9	Тотобань	Tatabánya/R
9	Таниобичке	Tápióbicske/R
9	Сторжевое	Sztorozsevoje;Storozhevoye 1-Ye/R
9	Солотвино	Aknaszlatina/R
9	Сентпетер	Szentpéter/R
9	Сент Иштван	Szentistván/R
9	Сентготард	Szentgotthárd/R
9	Сексару	Szekszárd/R
9	Сантфлориян	Sankt Florian/R
9	Санпультен	Sankt Pölten/R
9	Санктпольтен	Sankt Pölten/R
9	Санкт Пельтен	Sankt Pölten/R
9	Санкпельтен	Sankt Pölten/R
9	р-не Унгвара	Ungvár;Ungvári járás/R
9	р-не Старый Оскол	Sztarij Oszkol/R
9	р-не Надворна	Nadvorna;Nadvirna/R
9	р-не Касторной	Kastornoye;Kasztornoje/R
9	р-не Весприм	Veszprém;Veszprémi járás/R
9	р-не Бекеш	Békés/R
9	Рабоковач	Rábakovácsi/R
9	Пустошоморье	Pusztasomorja/R
9	Пишнеклодань	Püspökladány/R
9	Обоче	Óbecse/R
9	Нью-Йорк	New York/R
9	Нодь Конижа	Nagykanizsa/R
9	Нодь-Като	Nagykáta/R
9	Нодь Добронь	Nagydobrony/R
9	Новые Замки	Érsekújvár/R
9	Новгород	Novgorod/R
9	Ниродо	Nyíradony/R
9	Ниредьказо	Nyíregyháza/R
9	Нирбашор	Nyírbátor/R
9	Нирбато	Nyírbátor/R
9	Нивнице	Nivnice/R
9	Надвория	Nadvorna;Nadvirna/R
9	Митоу	Mitau;Jelgava/R
9	Мезуйпетре	Mezőpetri/R
9	Мезикевеш	Mezőkövesd/R
9	Мезейчат	Mezőcsát/R
9	Мезатур	Mezőtúr/R
9	Марияуйфалу	Máriaújfalu/R
9	Лайбниц	Leibnitz/R
9	Куйсек	Kőszeg/R
9	Краснобельта	Krasznabéltek/R
9	Клюж	Kolozsvár/R
9	Киштэйглаш	Kistéglás/R
9	Кенезлы	Kenézlő/R
9	Кебань	Kőbánya/R
9	Касторноя	Kastornoye;Kasztornoje/R
9	Игла	Iglau;Jihlava;Igló/R
9	Золо-Меде	Zala/R
9	Золо-Леве	Zalalövő/R
9	Зологерсок	Zalaegerszeg/R
9	Дунокесе	Dunakeszi/R
9	Дунокелеты	Dunakiliti/R
9	Дайсланберг	Deutschlandsberg/R
9	Гройсвальд	Greifswald/R
9	Гранфевальд	Grafenwald/R
9	Гаслах	Haslach/R
9	Вайтхофен	Waidhofen/R
9	Б. Пешт	Budapest/R
9	Болшос-Уйворош	Balmazújváros/R
9	Болоток	Balaton/R
9	Биркфельд	Balmazújváros/R
9	Бекеш Чаба	Békéscsaba/R
9	Бейшаркань	Bősárkány/R
9	Бач-Олмаш	Bácsalmás/R
9	Банска-Бистрица	Besztercebánya/R
8	Южный фронт	déli front/R
8	Эркешери	Érkeserű/R
8	Эпинг	Enying/R
8	Чуйвар	Csővár/R
8	Чопп	Csap/R
8	Чонтовар	Csantavér/R
8	Чонадонацо	Csanádapáca/R
8	Чехос.	Csehszlovákia;Csehország/R
8	Ципешт	Újpest/R
8	Цибоказо	Cibakháza/R
8	Хосупан	Hosszúpályi/R
8	Хойду-Собосло	Hajdúszoboszló/R
8	Харьков	Harkov;Kharkiv;Harkiv/R
8	Хайдунакаш	Hajdúnánás/R
8	Фельшидопса	Felsődobsza/R
8	Фельшидонса	Felsődobsza/R
8	Фекетсардо	Feketeardó/R
8	Федвернск	Fegyvernek/R
8	Ушгорот	Ungvár/R
8	Унтерхайд	Unterhaid/R
8	Унтергей	Unterhaid/R
8	Унтергалд	Unterhaid/R
8	Унтергайн	Unterhaid/R
8	Унтергайдт	Unterhaid/R
8	Умвар	Ungvár/R
8	Укечке	Újkécske/R
8	Уймешт	Újpest/R
8	Уйкешт	Újpest/R
8	Треболь	Třeboň/R
8	Тисовеч	Tiszabecs/R
8	Телишвар	Temesvár/R
8	Таниоселе	Tápiószele/R
8	Сулейман	Szulimán/R
8	Страконицы	Strakonice/R
8	Сигецемартон	Szigetszentmárton/R
8	Сетфлориан	Sankt Florian/R
8	Сербобрань	Szenttamás/R
8	Сент-Томаш	Szenttamás/R
8	Сент-Ласло	Szentlászló/R
8	Сентендре	Szentendre/R
8	Сенпелтен	Sankt Pölten/R
8	Секхолм	Szeghalom/R
8	Секеард	Szekszárd/R
8	Седерки	Szederkény/R
8	с дому	otthonából/R
8	с дома	otthonról/R
8	Сант-Полтен	Sankt Pölten/R
8	Сант-Палтен	Sankt Pölten/R
8	Самботой	Szombathely/R
8	Самботкей	Szombathely/R
8	р-не Чоп	Csap;Csapi járás/R
8	р-не Пешта	Pest/R
8	р-не Острогожск	Osztrogozsszk;Ostrogozhsk/R
8	р-не Курск	Kurszk/R
8	р-не Ковеля	Kovel/R
8	р-не Варшава	Varsó/R
8	р-не Будопешта	Budapest/R
8	р-не Будопешт	Budapest/R
8	р-не Брест Литовск	Breszt-Litovszk;Breszt/R
8	Ракомаш	Rakamaz/R
8	Прегартен	Pregarten/R
8	Пойрад	Poprád/R
8	Пештхидекут	Pesthidegkút/R
8	Пештидекут	Pesthidegkút/R
8	Оучо	Ócsa/R
8	Острогос	Osztrogozsszk;Ostrogozhsk/R
8	Олоб	Alap/R
8	Ождян	Osgyán/R
8	Обошару	Abasár/R
8	Нодь-Мойтен	Nagymajtény/R
8	Нодьбань	Nagybánya/R
8	Ниретязо	Nyíregyháza/R
8	Ниретхазе	Nyíregyháza/R
8	Нечкемет	Kecskemét/R
8	Нестельбак	Nestelbach/R
8	Неретьгазо	Nyíregyháza/R
8	Найдморош	Nagymaros/R
8	Надувар	Nádudvar/R
8	Надворка	Nadvorna;Nadvirna/R
8	Муроратно	Murarátka/R
8	Муракез	Muraköz/R
8	Мукачово	Munkács/R
8	Минценд	Mindszent/R
8	Микенерч	Mikepércs/R
8	Мезейкевежд	Mezőkövesd/R
8	Мезедян	Mezőgyán/R
8	Мастюгино	Masztjugyino;Mastyugino/R
8	Кишуйшалаш	Kisújszállás/R
8	Кинегрец	Königgrätz;Hradec Králové/R
8	Кенизлою	Kenézlő/R
8	Каломея	Kolomija;Kolomjia/R
8	Ипой	Ipoly/R
8	Инойшак	Ipolyság/R
8	Иначкакуч	Inárcs-Kakucs/R
8	Золо Эгерсег	Zalaegerszeg/R
8	Запорожье	Zaporozsje;Zaporizzsja/R
8	Дуносердо	Dunaszerdahely/R
8	Дорослово	Doroszló/R
8	Дорноватро	Dornavátra/R
8	Дойглансберг	Deutschlandsberg/R
8	Длождер	Diósgyer/R
8	Деяки	Deáki/R
8	Дердесаргеть	Gyergyószárhegy/R
8	Делашин	Deljatin;Deliatyn;Delatyn/R
8	Дебрицы	Debrecen/R
8	Дебрецей	Debrecen/R
8	Дайчламберг	Deutschlandsberg/R
8	Гергейугорне	Gergelyiugornya/R
8	Геделев	Gödöllő/R
8	Гевеш-Меде	Heves/R
8	Гевеш Меде	Heves/R
8	Гайдубесерман	Hajdúböszörmény/R
8	Бургенланд	Burgenland/R
8	Будоп.	Budapest/R
8	Буденовка	Bugyenovka;Budenovka/R
8	Будванс	Budweis;České Budějovice/R
8	Будваис	Budweis;České Budějovice/R
8	Братиславь	Pozsony/R
8	Брадислава	Pozsony/R
8	Болгарды	Polgárdi/R
8	Боимос-Уйворош	Balmazújváros/R
8	Бекеш Чабо	Békécsaba/R
8	Баскабистрица	Besztercebánya/R
8	Алтлибе	Alt Liebe;Stará Libavá/R
8	Алмаш-Комораш	Almáskamarás/R
8	Абоусанто	Abaújszántó/R
7	Яскоро	Jászkarajenő/R
7	Ясенондраш	Jászszentandrás/R
7	Ясбере	Jászberény/R
7	Ясарок-Салаш	Jászárokszállás/R
7	Язберек	Jászberény/R
7	Юркень	Örkény/R
7	Этвешкони	Ötvöskónyi/R
7	Эгерсолу	Egerszalók/R
7	Шофон	Sopron/R
7	Шонрок	Sopron/R
7	Шолокшар	Soroksár/R
7	Шлофак	Siófok/R
7	Шерегиш	Seregélyes/R
7	Шатороургей	Sátoraljaújhely/R
7	Шарошпатон	Sárospatak/R
7	Чоон	Csap/R
7	Чинград	Csongrád/R
7	Чиксердо	Csíkszereda/R
7	Чешска-Липа	Česká Lípa/R
7	Часатультыш	Császártöltés/R
7	Часартетыш	Császártöltés/R
7	Цейглит	Cegléd/R
7	Цеглет Берцел	Ceglédbercel/R
7	Хайдубесерман	Hajdúböszörmény/R
7	Фельшенойно	Felsőnána/R
7	Фекетич	Bácsfeketehegy/R
7	Упешт	Újpest/R
7	Унтерхойд	Unterhaid/R
7	Унтерхат	Unterhaid/R
7	Унтерхаит	Unterhaid/R
7	Ульмерфельд	Ulmerfeld/R
7	Украине	Ukrajna/R
7	Уйфешрто	Újfehértó/R
7	Уйферто	Újfehértó/R
7	Уйфеирто	Újfehértó/R
7	Уйполот	Újpalota/R
7	Уйполоро	Újpalota/R
7	Уйлешт	Újpest/R
7	Уйкедеш	Újkígyós/R
7	Уйгортан	Újhartyán/R
7	Ужгородь	Ungvár/R
7	Ужгорода	Ungvár/R
7	Уеглед	Cegléd/R
7	Тороксенмиклош	Törökszentmiklós/R
7	Терексент-Миклош	Törökszentmiklós/R
7	Тапиодердь	Tápiógyörgye/R
7	Сырбобран	Szenttamás/R
7	Стракопице	Strakonice/R
7	Сторожеево	Sztorozsevoje;Storozhevoye 1-Ye/R
7	Сторожево	Sztorozsevoje;Storozhevoye 1-Ye/R
7	Сотмарнемете	Szatmárnémeti/R
7	Сотмарнемет	Szatmárnémeti/R
7	Сотмаргет	Szatmárhegy/R
7	Собоцалаш	Szabadszállás/R
7	Середино-Будо	Buda közepe/R
7	Сентандре	Szentendre/R
7	Сантпюлтен	Sankt Pölten/R
7	Сант Пельтен	Sankt Pölten/R
7	Сантнельтен	Sankt Pölten/R
7	Санпертен	Sankt Pölten/R
7	Розенбург	Rosenburg/R
7	р-не Солнок	Szolnok;Szolnoki járás/R
7	р-не Сойва	Szolyva,Szolyvai járás/R
7	р-не Сегед	Szeged;Szegedi járás/R
7	р-не Ровно	Rovno;Rivne/R
7	р-не Острогожска	Osztrogozsszk;Ostrogozhsk/R
7	р-не Кечкемит	Kecskemét;Kecskeméti járás/R
7	р-не Дёр	Győr;Győri járás/R
7	р-не Варшавы	Varsó/R
7	р-не Брно	Brünn;Brno/R
7	р-не Берегово	Beregszász;Beregszászi járás/R
7	р-не Барановичи	Baranovicsi/R
7	по месту жит.	lakóhelyén/R
7	Пилешверешвар	Pilisvörösvár/R
7	Песшент Эржибет	Pestszenterzsébet/R
7	Песшент-Лоринц	Pestszentlőrinc/R
7	Парканьнана	Párkánynána;Párkány-Nána/R
7	Отынья	Otinia;Otinija;Otyniya/R
7	Отения	Otinia;Otinija;Otyniya/R
7	Острогорс	Osztrogozsszk;Ostrogozhsk/R
7	Осоуд	Aszód/R
7	Орош-Хазо	Orosháza/R
7	окрестностях Коломея	Kolomija környékén;Kolomjia környékén/R
7	Одерберг	Oderberg/R
7	Нью-Иорк	New York/R
7	Нотькойрош	Nagykőrös/R
7	Нодьмутой	Nagymuzsaly;Nagymihály/R
7	Нодь-Кюреш	Nagykőrös/R
7	Нодь-Кароль	Nagykároly/R
7	Нодь-Кало	Nagykálló/R
7	Нодь Иван	NagyIván/R
7	Ниретхозо	Nyíregyháza/R
7	Нестельбах	Nestelbach/R
7	Надь-Като	Nagykáta/R
7	Надь-Карой	Nagykároly/R
7	Мезуйкевеш	Mezőkövesd/R
7	Мезешур	Mezőtúr/R
7	Мезейкевешт	Mezőkövesd/R
7	Мезейбари	Mezőberény/R
7	Мезайтур	Mezőtúr/R
7	Мариякемент	Máriakéménd/R
7	Лоешкомаро	Lajoskomárom/R
7	Левоча	Lőcse/R
7	Лайбинц	Leibnitz/R
7	Лаваминд	Lavamünd/R
7	Кололия	Kolomija;Kolomjia/R
7	Ковасло	Kovászna/R
7	Кишт-Пешт	Kispest/R
7	Кишняарад	Kisnyárád/R
7	Кестрей	Keszthely/R
7	Кениксгрец	Königgrätz;Hradec Králové/R
7	Кенегрец	Königgrätz;Hradec Králové/R
7	Интернирован	internált/R
7	Илежд	Élesd/R
7	Игляу	Iglau;Jihlava;Igló/R
7	Золо Эгерсек	Zalaegerszeg/R
7	Зололиве	Zalalövő/R
7	Золалева	Zalalövő/R
7	Зволен	Zólyom/R
7	Забидово	Zábidó/R
7	Ейч	Encs/R
7	Дунофельд	Dunaföldvár/R
7	Дунофельвар	Dunaföldvár/R
7	Дунокишты	Dunakiliti/R
7	Дорнаватра	Dornavátra/R
7	Дойчландеберг	Deutschlandsberg/R
7	Дойглонберг	Deutschlandsberg/R
7	Дивовань	Dévaványa/R
7	Деусек	Diószeg/R
7	Деождер	Diósgyőr/R
7	Дембрецен	Debrecen/R
7	Дейчброт	Deutschbrod;Havlíčkův Brod/R
7	Дейчброд	Deutschbrod;Havlíčkův Brod/R
7	Дейвовань	Dévaványa/R
7	Дейвовани	Dévaványa/R
7	Дебрцен	Debrecen/R
7	Дебрешен	Debrecen/R
7	Дебрецель	Debrecen/R
7	Дальниуезд	Dolní Újezd/R
7	Гренфсвалд	Greinfswald/R
7	Гиралтовце	Girált/R
7	Герцегут	Hercegkút/R
7	Вестрим	Veszprém/R
3	Мукагево	Munkács/R
3	Мошонь-Модяровар	Mosonmagyaróvár/R
3	Мошон-Модяр-Овар	Mosonmagyaróvár/R
3	Моруштурдо	Maros-Torda/R
3	Мортонвашер	Martonvásár/R
3	Мортон Вашар	Martonvásár/R
3	Морош-Яру	Marosjára/R
3	Морош Яро	Marosjára/R
3	Морошхевез	Maroshévíz/R
3	Мороштурда	Maros-Torda/R
3	Морошторде	Maros-Torda/R
3	Морош-Людош	Marosludas/R
3	Морошгейвич	Maroshévíz/R
3	Морош-Вашергей	Marosvásárhely/R
3	Морошватаргей	Marosvásárhely/R
3	Морошваргей	Marosvásárhely/R
3	Мокляр	Maklár/R
3	Моклер	Maklár/R
3	Мозуйшамшон	Mezősámsond/R
3	Мозуйковежд	Mezőkövesd/R
3	Мозойкосу	Mezőkeszü/R
3	Модярова	Magyaróvár/R
3	Модярдейче	Magyardécse/R
3	Модярдейга	Magyardécse/R
3	Модьяроувар	Magyaróvár/R
3	Модер-Печко	Magyarpécska/R
3	Модероувар	Magyaróvár/R
3	Модер-Дейче	Magyardécse/R
3	Моглу	Maglód/R
3	Моглоу	Maglód/R
3	Мкачев	Munkács/R
3	Мишкульцев	Miskolc/R
3	Мирабрань	Nyírábrány/R
3	Минцень	Mindszent/R
3	Минценит	Mindszent/R
3	Минцант	Mindszent/R
3	Миндцен	Mindszent/R
3	Миндсенкало	Mindszentkálla/R
3	Миндент	Mindszent/R
3	Минден	Mindszent/R
3	Микошсенлок	Mikosszéplak/R
3	Микоуйфало	Mikóújfalu/R
3	Мерзучат	Mezőcsát/R
3	Мексикопусто	Mekszikópuszta;Mexikópuszta/R
3	Мейзучад	Mezőcsát/R
3	Мейзуйтур	Mezőtúr/R
3	Мейзентур	Mezőtúr/R
3	Мезю-Чаваш	Mezőcsávás/R
3	Мезюйтур	Mezőtúr/R
3	Мезюйкевешд	Mezőkövesd/R
3	Мезывари	Mezővári/R
3	Мезыберин	Mezőberény/R
3	Мезуютур	Mezőtúr/R
3	Мезуртур	Mezőtúr/R
3	Мезунгат	Mezőcsát/R
3	Мезуйчаз	Mezőcsát/R
3	Мезуйтелек	Mezőtelegd;Mezőtelki/R
3	Мезуйпонит	Mezőpanit/R
3	Мезуйкосонь	Mezőkaszony/R
3	Мезуйган	Mezőgyán/R
3	Мезуйбернив	Mezőberény/R
3	Мезуй-Бери	Mezőberény/R
3	Мезуйберен	Mezőberény/R
3	Мезубернив	Mezőberény/R
3	Мезуберн	Mezőberény/R
3	Мезоюкосонь	Mezőkaszony/R
3	Мезошамшон	Mezősámsond/R
3	Мезо-Петри	Mezőpetri/R
3	Мезонфень	Mezőfény/R
3	Мезойфен	Mezőfény/R
3	Мезойбери	Mezőberény/R
3	Мезоифейль	Mezőfény/R
3	Мезитуро	Mezőtúr/R
3	Мезикосо	Mezőkaszony/R
3	Мезикивеш	Mezőkövesd/R
3	Мезибери	Mezőberény/R
3	Мезеютур	Mezőtúr/R
3	Мезетура	Mezőtúr/R
3	Мезе-Нодь-Мигай	Mezőnagymihály/R
3	Мезенетри	Mezőpetri/R
3	Мезекювеш	Mezőkövesd/R
3	Мезекувеш	Mezőkövesd/R
3	Мезекомаро	Mezőkomárom/R
3	Мезековеш	Mezőkövesd/R
3	Мезековач	Mezőkovácsháza/R
3	Мезекивешт	Mezőkövesd/R
3	Мезей-тур	Mezőtúr/R
3	Мезейту	Mezőtúr/R
3	Мезейгат	Mezőcsát/R
3	Мезейгад	Mezőcsát/R
3	Мезейбэрин	Mezőberény/R
3	Мезейберин	Mezőberény/R
3	Мезевчад	Mezőcsát/R
3	Матыйсолко	Mátészalka/R
3	Матросентиштван	Mátraszentistván/R
3	Матронован	Mátranovák/R
3	Матронова	Mátranovák/R
3	Матродеречко	Mátraderecske/R
3	Матешфельд	Mátyásföld/R
3	Марушторда	Maros-Torda/R
3	Марушвашар	Marosvásárhely/R
3	Мароштольдо	Maros-Torda/R
3	Марошвашагей	Marosvásárhely/R
3	Марошваршаргей	Marosvásárhely/R
3	Мароморош-Сигед	Máramarossziget/R
3	Мароморошенгет	Máramarossziget/R
3	Марморош-Сигет	Máramarossziget/R
3	Марморош Сигет	Máramarossziget/R
3	Мария Уйфало	Máriaújfalu/R
3	Мария-Вельд	Máriavölgy/R
3	Марибор	Maribor/R
3	Мазуйбери	Mezőberény/R
3	Мазоифейнь	Mezőfény/R
3	Мазайтур	Mezőtúr/R
3	Мадяр Сумбат	Magyarszombatfa/R
3	Мадяр-Бангедеш	Magyarbánhegyes/R
3	Лукач Хазо	Lukácsháza/R
3	Лоеш-Миже	Lajosmizse/R
3	Лодань-Бене	Ladánybene/R
3	Ловаш-Беринь	Lovasberény/R
3	Ловаш-Берин	Lovasberény/R
3	Левенте	Levente/R
3	Лаюш-Миже	Lajosmizse/R
3	Лаеш-Комаро	Lajoskomárom/R
3	Кютелен	Kőtelek/R
3	Кюсяг	Kőszeg/R
3	Кюсаргет	Kőszárhegy/R
3	Кюрмед	Körmend/R
3	Кюйтелен	Kőtelek/R
3	Кюйбань	Kőbánya/R
3	Кюисек	Kőszeg/R
3	Кювсек	Kőszeg/R
3	Кшиварда	Kisvárda/R
3	Курлат-Хельмец	Királyhelmec/R
3	Купмадорош	Kunmadaras/R
3	Купгедеш	Kunhegyes/R
3	Купагуто	Kunágota/R
3	Кунсен-Мартон	Kunszentmárton/R
3	Кунагут	Kunágota/R
3	Кулагото	Kunágota/R
3	Куженмиклош	Kunszentmiklós/R
3	Красный Теребет	Krasznaterebes/R
3	Красношандофоль	Krasznasándorfalu/R
3	Красношандор	Krasznasándorfalu/R
3	Краснобельтых	Krasznabéltek/R
3	Краснобельты	Krasznabéltek/R
3	Краснобелтск	Krasznabéltek/R
3	Кошизе	Kassa/R
3	Кочкомет	Kecskemét/R
3	Кочкамит	Kecskemét/R
3	Котувар	Kapuvár;Kaposvár/R
3	Котофе	Kaposfő/R
3	Кормед	Körmend/R
3	Копушфель	Kaposfő/R
3	Копувари	Kapuvár;Kaposvár/R
3	Копуар	Kapuvár;Kaposvár;Konyár/R
3	Копошвари	Kaposvár/R
3	Копотвар	Kapuvár;Kaposvár/R
3	Конторянош	Kántorjánosi/R
3	Кониграц	Königgrätz/R
3	Комароно	Komárom/R
3	Колош Корпат	Kolozskorpád/R
3	Колош-Корнад	Kolozskorpád/R
3	Колошкориат	Kolozskorpád/R
3	Колотвер	Kolozsvár/R
3	Кокувар	Kapuvár;Kaposvár/R
3	Кодьконижо	Nagykanizsa/R
3	Ковач-Рейт	Kovácsrét/R
3	Коваена	Kovászna/R
3	Киш-Уйсалош	Kisújszállás/R
3	Киш-Уйсалаш	Kisújszállás/R
3	Кишуй Салаш	Kisújszállás/R
3	Киштелаш	Kistéglás;Kistelek/R
3	Киштеиглаш	Kistéglás/R
3	Кишрануш	Kisrákos/R
3	Киш-Ракуш	Kisrákos/R
3	Кишнунголош	Kiskunhalas/R
3	Кишморьё	Kismarja/R
3	Киш Мария	Kismarja/R
3	Кишкюриш	Kiskőrös/R
3	Кишкунмойте	Kiskunmajsa/R
3	Кишкунмойта	Kiskunmajsa/R
3	Кишкун Майшо	Kiskunmajsa/R
3	Кишкунгомеш	Kiskunhalas/R
3	Кишкунголот	Kiskunhalas/R
3	Кишкун Голаш	Kiskunhalas/R
3	Кишкомойша	Kiskunmajsa/R
3	Кишковачвагош	Kiskovácsvágása/R
3	Кишкирс	Kisköre;Kiskőrös/R
3	Киш-Добро	Kisdobra/R
3	Киш-Варшань	Kisvarsány/R
3	Киш-Вардо	Kisvárda/R
3	Киш Вардо	Kisvárda/R
3	Кишвайне Толна	Kisvejke, Tolna megye/R
3	Киш-Бород	Kisbáród/R
3	Киш-Бейгань	Kisbégány/R
3	Кисуйшалаш	Kisújszállás/R
3	Кираль-Гельмиц	Királyhelmec/R
3	Кирай хазо	Királyháza/R
3	Кирайдорунц	Királydaróc/R
3	Кирайдоруну	Királydaróc/R
3	Кибелькут	Köbölkút/R
3	Кётедян	Kötegyán/R
3	Кёнигрец	Königgrätz/R
3	Кечкомат	Kecskemét/R
3	Кечколит	Kecskemét/R
3	Кечке-Мет	Kecskemét/R
3	Кечкемед.	Kecskemét/R
3	Кечкелист	Kecskemét/R
3	Кечкелент	Kecskemét/R
3	Кечкамы	Kecskemét/R
3	Кетедьян	Kötegyán/R
3	Кеснитер	Kesznyéten/R
3	Керкасенткарай	Kerkaszentkirály/R
3	Кереш-Лодань	Körösladány/R
3	Кереш-Ладань	Körösladány/R
3	Кеосек	Kőszeg/R
3	Кенингрец	Königgrätz/R
3	Кенизлаю	Kenézlő/R
3	Келькемет	Kecskemét/R
3	Келдереш	Kenderes/R
3	Кегнемит	Kecskemét/R
3	Кебелнут	Köbölkút/R
3	Кебанья	Kőbánya/R
3	Кашуйсалаш	Kisújszállás/R
3	Каташвар	Kaposvár/R
3	Каполашник	Kápolnásnyék/R
3	Йобади	Jobbágyi/R
3	Ишагес	Isaszeg/R
3	Истемир	Isztimér/R
3	Иршемен	Érsemjén/R
3	Иршекуйвор	Érsekújvár/R
3	Ирторго	Értarcsa/R
3	Ирсолог	Érszalacs/R
3	Ирсокачи	Érszakácsi/R
3	Ирмигайфолво	Érmihályfalva/R
3	Ирмигай	Érmihályfalva/R
3	Иркеберкут	Érköbölkút/R
3	Ипойшад	Ipolyság/R
3	Ипойкеш	Ipolykeszi;Ipolykér/R
3	Ипойвшик	Ipolyvisk/R
3	Иозеф-Салаш	Józsefszállás/R
3	интернирован с места жительства	internálták a lakóhelyéről/R
3	интернирован с Будапешт	internálták Budapestről/R
3	интернирован на родине	internálták otthonról/R
3	интернирован из Будапешта	internálták Budapestről/R
3	Инольшак	Ipolyság/R
3	Инойшач	Ipolyság/R
3	Инойсалка	Ipolyszalka/R
3	Инойбел	Ipolybél/R
3	Ивиз	Hévíz/R
3	Зомбо Толна	Zomba, Tolna megye/R
3	Золоэрсек	Zalaegerszeg/R
3	Золоэгерсок	Zalaegerszeg/R
3	Золо-Эгер-Сек	Zalaegerszeg/R
3	Золо-Эгерсек	Zalaegerszeg/R
3	Золоэгерсе	Zalaegerszeg/R
3	Золоэгер	Zalaegerszeg/R
3	Золотартюк	Zalatárnok/R
3	Золотарно	Zalatárnok/R
3	Золо-Собар	Zalaszabar/R
3	Золосенто	Zalaszántó/R
3	Золосенболаш	Zalaszentbalázs/R
3	Золосгерсек	Zalaegerszeg/R
3	Золо-Санто	Zalaszántó/R
3	Золомедья	Zala/R
3	Золомедеш	Zalameggyes/R
3	Зололевь	Zalalövő/R
3	Золо Леви	Zalalövő/R
3	Золо-Левей	Zalalövő/R
3	Золоконань	Zalakoppány/R
3	Золоегерсен	Zalaegerszeg/R
3	Золоегерсе	Zalaegerszeg/R
3	Зологерск	Zalaegerszeg/R
3	Зологерсак	Zalaegerszeg/R
3	Зологейн	Zalacsány/R
3	Золовск	Zalavég/R
3	Зола Медья	Zala/R
3	Золалевс	Zalalövő/R
3	Золагерсен	Zalaegerszeg/R
3	Зетолого	Zetelaka/R
3	Зетелько	Zetelaka/R
3	Зетелоно	Zetelaka/R
3	Земто	Zenta/R
3	Земплиногор	Zemplénagárd/R
3	Земплем	Zemplén/R
3	Зелегерсек	Zalaegerszeg/R
3	Затолоко	Zetelaka/R
3	Зала-Эгерсеч	Zalaegerszeg/R
3	Заласенбораш	Zalaszentbalázs/R
3	Заланеве	Zalalövő/R
3	Зала-Леве	Zalalövő/R
3	Закарпатье	Kárpátalja/R
3	Закарпатской Украине	Kárpátaljai Ukrajna/R
3	за Карпатами	Kárpátalja/R
3	Заводь Толна	Závod, Tolna megye/R
3	Забегай	Zebegény/R
3	Забагей	Zebegény/R
3	Ждало	Zsdála/R
3	Жамбой	Zsámbok;Zsámbék/R
3	Жамбич	Zsámbék;Zsámbok/R
3	Жамбен	Zsámbék;Zsámbok/R
3	Ершуйфалу	Örsújfalu/R
3	Еркеньтабор	Örkénytábor/R
3	Егертово	Egerlövő/R
3	Дюпо	Gyula/R
3	Дюерзамой	Győrzámoly/R
3	Дымшыд	Dömsöd/R
3	Дывованё	Dévaványa/R
3	Духовече	Dunavecse/R
3	Дупофюльдвар	Dunaföldvár/R
3	Дупобогдан	Dunabogdány/R
3	Дуноэтьгаз	Dunaegyháza/R
3	Дунофельдварт	Dunaföldvár/R
3	Дунофельдвари	Dunaföldvár/R
3	Дуносердогой	Dunaszerdahely/R
3	Дуносердогейм	Dunaszerdahely/R
3	Дуносердгей	Dunaszerdahely/R
3	Дуносендерт	Dunaszentgyörgy/R
3	Дунонотой	Dunapataj/R
3	Дунокоси	Dunakeszi/R
3	Дунокелете	Dunakiliti/R
3	Дуногорост	Dunaharaszti/R
3	Дуно-Адонь	Adony;Duna-Adony/R
3	Дуначуй	Dunacsún/R
3	Дунафельдвард	Dunaföldvár/R
3	Дунафельвор	Dunaföldvár/R
3	Дунайская Страда	Dunaszerdahely/R
3	Дуна Богдань	Dunabogdány/R
3	Дулопотой	Dunapataj/R
3	Дочлонсберг	Deutschlandsberg/R
3	Дотбовар	Dombóvár/R
3	Допишно	Dobsina/R
3	Дончланберг	Deutschlandsberg/R
3	Донтшлянберг	Deutschlandsberg/R
3	Донбасс	Donbass;Donbasz;Donyec-medence/R
3	Дольно-Розинка	Dolní Rožínka/R
3	Дольна розинка	Dolní Rožínka/R
3	Долнорозинка	Dolní Rožínka/R
3	Долкубин	Alsókubin;Dolný Kubín/R
3	Дойчломберг	Deutschlandsberg/R
3	Дойчленберг	Deutschlandsberg/R
3	Дойчлансбург	Deutschlandsberg/R
3	Дойглансберг	Deutschlandsberg/R
3	Дойгланберг	Deutschlandsberg/R
3	Доич-Брот	Deutschbrod/R
3	Догланберг	Deutschlandsberg/R
3	Добишно	Dobsina/R
3	Диснош-Хорват	Disznóshorvát/R
3	Дисеберце	Tiszabercel/R
3	Дисалек	Tiszalök/R
3	Диошдьердь	Diósgyőr/R
3	Диошдгор	Diósgyőr/R
3	Диондеш	Gyöngyös/R
3	Диождердь	Diósgyőr/R
3	Диож-Берин	Diósberény/R
3	Диашдер	Diósgyőr/R
3	Дердю-Сент-Миклош	Gyergyószentmiklós/R
3	Дердюсаргет	Gyergyószárhegy/R
3	Дердю Дитро	Gyergyóditró;Ditró/R
3	Дердитюлдеш	Gyergyótölgyes/R
3	Дердитидро	Gyergyóditró;Ditró/R
3	Дердиоремете	Gyergyóremete/R
3	Дербрецен	Debrecen/R
3	Дендештаря	Gyöngyöstarján/R
3	Дендешното	Gyöngyöspata/R
3	Демиш	Gyimes/R
3	Демешбюк	Gyimesbükk/R
3	Дейчланцберг	Deutschlandsberg/R
3	Дейчландберг	Deutschlandsberg/R
3	Дейчламберг	Deutschlandsberg/R
3	Дейг-Брот	Deutschbrod/R
3	Дейгброт	Deutschbrod/R
3	Дейвованю	Dévaványa/R
3	Дейвованс	Dévaványa/R
3	Дейвованё	Dévaványa/R
3	Девованю	Dévaványa/R
3	Девованс	Dévaványa/R
3	Деваванва	Dévaványa/R
3	Дебрецын	Debrecen/R
3	Дебрецн	Debrecen/R
3	Дебрецеш	Debrecen/R
3	Дебренин	Debrecen/R
3	Деблецен	Debrecen/R
3	Д.-Брод	Deutschbrod/R
3	Дайчлондберг	Deutschlandsberg/R
3	Дайчлонберг	Deutschlandsberg/R
3	Дайчлонберг	Deutschlandsberg/R
3	Дайчландсборг	Deutschlandsberg/R
3	Дайглансберг	Deutschlandsberg/R
3	Давоване	Dévaványa/R
3	Гюнц-Русско	Göncruszka/R
3	Гюйдес	Hőgyész/R
3	Гюдис Толна	Hőgyész, Tolna megye/R
3	Гюдейс	Hőgyész/R
3	Гулатч	Gulács/R
3	Гудопешт	Budapest/R
3	Госубай	Hosszúpályi/R
3	Госсупай	Hosszúpályi/R
3	Горомсейк	Háromszék/R
3	Гормсек	Háromszék/R
3	Гондмезийвашарий	Hódmezővásárhely/R
3	Годмезевашергей	Hódmezővásárhely/R
3	Годмезевашарге	Hódmezővásárhely/R
3	Герценсанто	Hercegszántó/R
3	Гейкенеш	Gyékényes/R
3	Гедешолом	Hegyeshalom/R
3	Гайду-Собослов	Hajdúszoboszló/R
3	Гайду-Собослав	Hajdúszoboszló/R
3	Гайдубысырмень	Hajdúböszörmény/R
3	Гайду-Бесермен	Hajdúböszörmény/R
3	Вош-Меде	Vas/R
3	Вородсюйлиш	Váradszőllős;Peczeszőllős;Szőllős/R
3	Войдочку	Vajdácska/R
3	Владимир-Волынск	Volodymyr-Volynsky;Vladimir-Volinsky/R
3	взят с дома	otthonról elhurcolt/R
3	взят на квартире	lakásából elhurcolt/R
3	взят на дому	otthonról elhurcolt/R
3	Веспрель	Veszprém/R
3	Весплин	Veszprém/R
3	Весирим	Veszprém/R
3	Вертеш-Шомло	Vértessomló/R
3	Верполит	Verpelét/R
3	Верпелин	Verpelét/R
3	Вернелет	Verpelét/R
3	Венчемо	Vencsellő/R
3	Венчелюй	Vencsellő/R
3	Венгерская граница	magyar határ/R
3	Векешчобо	Békéscsaba/R
3	Вашсильват	Vasszilvágy/R
3	Ваш Кут	Vaskút/R
3	Вашгидекут	Vashidegkút/R
3	Вашарошноми	Vásárosnamény/R
3	Вацратоут	Vácrátót/R
3	Ваусентласло	Vácszentlászló/R
3	Варнолота	Várpalota/R
3	Варналота	Várpalota/R
3	Ванкут	Bánkút/R
3	Вамошото	Vámosatya/R
3	Вамошете	Vámosatya/R
3	Вамошдердь	Vámosgyörk/R
3	Вамошболог	Vámosbalog/R
3	Вамошбалог	Vámosbalog/R
3	Вакфоркаш	Vágfarkasd/R
3	Вагфоркош	Vágfarkasd/R
3	Вагфаркош	Vágfarkasd/R
3	Бютсенмигай	Bűdszentmihály/R
3	Бюст-Сент-Михаль	Bűdszentmihály/R
3	Бюксентмигаль	Bükkszentmihály;Bűdszentmihály/R
3	Бюдсент Михай	Bűdszentmihály/R
3	Бюд-Сент-Мигай	Bűdszentmihály/R
3	Бюдсент-Мигай	Bűdszentmihály/R
3	Бургерланд	Burgenland/R
3	Будо-Пешто	Budapest/R
3	Будопешт XII	Budapest XII. kerület/R
3	Будопешт VIII	Budapest VIII. kerület/R
3	Будопет.	Budapest/R
3	Будокесе	Budakeszi/R
3	Будоери	Budaörs/R
3	Будисово	Tiszakálmánfalva/R
3	Будисава	Tiszakálmánfalva/R
3	Буда-Пешть	Budapest/R
3	Буда Пест	Budapest/R
3	Брюц	Brünn;Brno/R
3	Брюп	Brünn;Brno/R
3	Брюнь	Brünn;Brno/R
3	Брошув	Brassó/R
3	Брошоу	Brassó/R
3	Брест Литовск	Breszt-Litovszk/R
3	Брашоф	Brassó/R
3	Боршонадош	Borsodnádasd/R
3	Болошо-Дермот	Balassagyarmat/R
3	Болотон-Килити	Balatonkiliti/R
3	Болмаш-Уйваруш	Balmazújváros/R
3	Бодрокеростул	Bodrogkeresztúr/R
3	Бигоршай	Biharsályi/R
3	Бигор-Торда	Bihartorda/R
3	Бигор-Меде	Bihar/R
3	Бигордиусен	Bihardiószeg/R
3	Бероксаш	Beregszász/R
3	Берзете Гэмэр	Berzéte, Gömör és Kis-Hont megye/R
3	Беречово	Beregszász/R
3	Берете Уйфалу	Berettyóújfalu/R
3	Берекшурян	Beregsurány/R
3	Берексеас	Beregszász/R
3	Берексасо	Beregszász/R
3	Берегуйфола	Beregújfalu/R
3	Берегуйсралу	Beregújfalu/R
3	Берег-Сас	Beregszász/R
3	Береграном	Beregrákos/R
3	Берег ракуш	Beregrákos/R
3	Берег Дороц	Beregdaróc/R
3	Берег-Дороуц	Beregdaróc/R
3	Бенкешчобо	Békéscsaba/R
3	Бенешчоба	Békéscsaba/R
3	Бекиш-Чоба	Békéscsaba/R
3	Бекиш-Чаба	Békéscsaba/R
3	Бекеш Шамшон	Békéssámson/R
3	Бекеш Чоба	Békéscsaba/R
3	Бекешчево	Békéscsaba/R
3	Бекеш-Чебо	Békéscsaba/R
3	Бекешсабо	Békéscsaba/R
3	Бекеш-Меде	Békés/R
3	Бекешгово	Békéscsaba/R
3	Бекеш гобо	Békéscsaba/R
3	Бекеш Габо	Békéscsaba/R
3	Бекешамшу	Békéssámson/R
3	Бекетчаба	Békéscsaba/R
3	Бейчуйгей	Bécsújhely;Wiener Neustadt/R
3	Бейкиш-Чаба	Békéscsaba/R
3	Бейкеш Шамшон	Békéssámson/R
3	Бейкеш-Чоба	Békéscsaba/R
3	Бейкеш Чабо	Békéscsaba/R
3	Бегуйгей	Bécsújhely;Wiener Neustadt/R
3	Бая-Маре	Nagybánya/R
3	Бачкопетрово	Petrőc/R
3	Бачбокуд	Bácsbokod/R
3	Батор-Кеси	Bátorkeszi/R
3	Батаркесе	Bátorkeszi/R
3	Барло-Фалу	Bátorfalu/R
3	Баньско-Бистрица	Besztercebánya/R
3	Баньска Быстрица	Besztercebánya/R
3	Банфихупет	Bánffyhunyad/R
3	Банфигунст	Bánffyhunyad/R
3	Банскобистрица	Besztercebánya/R
3	Банека-Бистрица	Besztercebánya/R
3	Балмош Уйварош	Balmazújváros/R
3	Бадюксовайто	Bágyogszovát/R
3	Багбодрок	Bács-Bodrog/R
3	Ароктуй	Ároktő/R
3	Арноут	Arnót/R
3	Андраш-Хидо	Andráshida/R
3	Андрашидо	Andráshida/R
3	Андоут	Mosontarcsa/R
3	Амстердам	Amszterdam/R
3	Альшо-Сели	Alsószeli/R
3	Альшо-Жольца	Alsózsolca/R
3	Альтовсентиван	Alsószentiván/R
3	Альпер	Alpár;Váradalpár/R
3	Альнар	Alpár;Váradalpár/R
3	Алшоирш	Alsóörs/R
3	Алмаш комараш	Almáskamarás/R
3	Албаюлия	Gyulafehérvár/R
3	Агчерны	Ágcsernyő/R
3	Автрия	Ausztria/R
3	Австрийская граница	osztrák határ/R
3	Абуйсанто	Abaújszántó/R
3	Абофальо	Abafalva/R
3	Абофалово	Abafalva/R
3	Абофало	Abafalva/R
3	Абацсалок	Abádszalók/R
3	Абаусанту	Abaújszántó/R
3	Абауйнадаш	Abaújnádasd/R
3	Абадсалон	Abádszalók/R
2	Яцберин	Jászberény/R
2	Ясяногомп	Jászjákóhalma/R
2	Ясякотаимо	Jászjákóhalma/R
2	Ясфеньсорок	Jászfényszaru/R
2	Ясураксараш	Jászárokszállás/R
2	Ясса-Пати	Jászapáti/R
2	Ясперен	Jászberény/R
2	Ясошовсентгёрк	Jászalsószentgyörgy/R
2	Ясорусалош	Jászárokszállás/R
2	Ясорусаволош	Jászárokszállás/R
2	Ясорох Салаш	Jászárokszállás/R
2	Ясоросалош	Jászárokszállás/R
2	Ясопьты	Jászapáti/R
2	Ясопота	Jászapáti/R
2	Ясопод	Jászapáti/R
2	Ясопеты	Jászapáti/R
2	Ясопатье	Jászapáti/R
2	Ясопатын	Jászapáti/R
2	Ясопатый	Jászapáti/R
2	Ясопатин	Jászapáti/R
2	Ясопатий	Jászapáti/R
2	Ясопатва	Jászapáti/R
2	Ясопапт	Jászapáti/R
2	Ясопапи	Jászapáti/R
2	Ясонот	Jászapáti/R
2	Ясонаши	Jászapáti/R
2	Ясольшу-Сентдерть	Jászalsószentgyörgy/R
2	Ясолшусендер	Jászalsószentgyörgy/R
2	Яснотьульсельнок	Jász-Nagykun-Szolnok/R
2	Яснорояне	Jászkarajenő/R
2	Яснопати	Jászapáti/R
2	Яснодь-Кулсолнок	Jász-Nagykun-Szolnok/R
2	Яснодекуне	Jász-Nagykun-Szolnok/R
2	Яснодан	Jászladány/R
2	Яснишер	Jászkisér/R
2	Яслодян	Jászladány/R
2	Ясло Дон	Jászladány/R
2	Яслодень	Jászladány/R
2	Ясладар	Jászladány/R
2	Яскшимер	Jászkisér/R
2	Яскроято	Jászkarajenő/R
2	Яскоряню	Jászkarajenő/R
2	Яскоряни	Jászkarajenő/R
2	Яскорояш	Jászkarajenő/R
2	Яскорояпу	Jászkarajenő/R
2	Яскорояню	Jászkarajenő/R
2	Яскороянуй	Jászkarajenő/R
2	Яскоро-Яну	Jászkarajenő/R
2	Яскоросны	Jászkarajenő/R
2	Яскороны	Jászkarajenő/R
2	Яскорони	Jászkarajenő/R
2	Яскороенш	Jászkarajenő/R
2	Яскоровери	Jászkarajenő/R
2	Яскорено	Jászkarajenő/R
2	Яскораны	Jászkarajenő/R
2	Яскишень	Jászkisér/R
2	Яскишель	Jászkisér/R
2	Яскешер	Jászkisér/R
2	Яскарасне	Jászkarajenő/R
2	Ясе-Фельшу-Сент-Георгий	Jászfelsőszentgyörgy/R
2	Ясеруксалош	Jászárokszállás/R
2	Ясент-Ондраш	Jászszentandrás/R
2	Ясентондрам	Jászszentandrás/R
2	Ясентиасло	Jászszentlászló/R
2	Ясент-Андраш	Jászszentandrás/R
2	Ясент Андраш	Jászszentandrás/R
2	Ясенкласо	Jászszentlászló/R
2	Ясдужен	Jászdózsa/R
2	Ясдошу	Jászdózsa/R
2	Ясдош	Jászdózsa/R
2	Ясборин	Jászberény/R
2	Ясберии	Jászberény/R
2	Ясары-Салаш	Jászárokszállás/R
2	Ясарук Салаж	Jászárokszállás/R
2	Ясаропсалаш	Jászárokszállás/R
2	Ясароксанаш	Jászárokszállás/R
2	Ясароксамаш	Jászárokszállás/R
2	Ясарок-Салош	Jászárokszállás/R
2	Ясароксало	Jászárokszállás/R
2	Яс-Арок-Салаш	Jászárokszállás/R
2	Ясарок салаш	Jászárokszállás/R
2	Ясароксалали	Jászárokszállás/R
2	Яс-Арок	Jászárokszállás/R
2	Ясарксалаш	Jászárokszállás/R
2	Ясапать	Jászárokszállás/R
2	Яс-Апатти	Jászapáti/R
2	Ясаната	Jászapáti/R
2	Ясалоты	Jászapáti/R
2	Ясакухолма	Jászjákóhalma/R
2	Ясаадань	Jászladány/R
2	Янушхомио	Jánoshalma/R
2	Янушхолма Бачка	Jánoshalma, Bácska/R
2	Януш-Хозо	Jánosháza/R
2	Януш-Халма	Jánoshalma/R
2	Януш-Идо	Jánoshida/R
2	Януш голма	Jánoshalma/R
2	Янушаза	Jánosháza/R
2	Янош-Холма	Jánoshalma/R
2	Яношхолли	Jánoshalma/R
2	Янош Хозе	Jánosháza/R
2	Янош Хозан	Jánosháza/R
2	Янош Хальзо	Jánosháza/R
2	Янош-Хазо	Jánosháza/R
2	Янош Хаза	Jánosháza/R
2	Янош-Гольмо-Бачко	Jánoshalma, Bácska/R
2	Янош Гезо	Jánosháza/R
2	Яножоза	Jánosháza/R
2	Яноголма	Jánoshalma/R
2	Яногодош	Jákóhodos/R
2	Янаросолош	Jászárokszállás/R
2	Яковходш	Jákóhodos/R
2	Якобшалаш	Jakabszállás/R
2	Якоб-Фалва	Jakabfalva;Jakabfalu/R
2	Якоб-Салаш	Jakabszállás/R
2	Якоб Салаш	Jakabszállás/R
2	Якобсалам	Jakabszállás/R
2	Якдгодош	Jákóhodos/R
2	Якароксалаш	Jászárokszállás/R
2	Яздоуш	Jászdózsa/R
2	Язверень	Jászberény/R
2	Язбринь	Jászberény/R
2	Язбрень	Jászberény/R
2	Язберни	Jászberény/R
2	Язберит	Jászberény/R
2	Язберий	Jászberény/R
2	Язбереш	Jászberény/R
2	Язберет	Jászberény/R
2	Язберенч	Jászberény/R
2	Язберекь	Jászberény/R
2	Язбереж	Jászberény/R
2	Ягопаты	Jászapáti/R
2	Ягопати	Jászapáti/R
2	Яббади	Jobbágyi/R
2	Юр-Салаш	Őrszállás/R
2	Юркель	Örkény;Őrhely/R
2	Юрисантпетер	Őriszentpéter/R
2	Юренсенпетер	Őriszentpéter/R
2	Юреглог	Öreglak/R
2	Юргалон	Őrhalom/R
2	Юйпешт	Újpest/R
2	Юйвидич	Újvidék/R
2	Юзефазо	Józsefháza/R
2	южнее Будапешт	Budapesttől délre/R
2	Южефазо	Józsefháza/R
2	Эшекувар	Érsekújvár/R
2	Этьхазогирадуц	Egyházasrádóc/R
2	Этьхазамрадоуш	Egyházasrádóc/R
2	Этьгазошрадоуц	Egyházasrádóc/R
2	Этьгазош-Радоу	Egyházasrádóc/R
2	Этгазошхолош	Egyházashollós/R
2	Этгазошголош	Egyházashollós/R
2	Эстрегам	Esztergom/R
2	Эсторгон	Esztergom/R
2	Эсторгаш	Esztergom/R
2	Эсторган	Esztergom/R
2	Эстергунд	Esztergom/R
2	Эстергом-Табор	Esztergom-Tábor/R
2	Эстельгам	Esztergom/R
2	Эстаргом табор	Esztergom-Tábor/R
2	Эсеик	Eszék/R
2	Эрюсенпетер	Őriszentpéter/R
2	Сант Палтон	Sankt Pölten/R
2	Сант Николай	Sankt Nikola;Szentmiklós/R
2	Сант Мартукати	Szentmártonkáta/R
2	Сантлоренц	Szentlőrinc/R
2	Сантлирец	Szentlőrinc/R
2	Сант-Ласло	Szentlászló/R
2	Сант Ласло	Szentlászló/R
2	Санткольтен	Sankt Pölten/R
2	Сант-Иштван	Szentistván/R
2	Сантиельтен	Sankt Pölten/R
2	Сант-Иван-Лаворт Фолво	Szentivánlaborfalva/R
2	Сантбольтен	Sankt Pölten/R
2	Сант-Андре	Szentandrás;Sankt Andrä/R
2	Сан-Пюльтен	Sankt Pölten/R
2	Санпуртен	Sankt Pölten/R
2	Санполтен	Sankt Pölten/R
2	Санполта	Sankt Pölten/R
2	Сан-Пёльтен	Sankt Pölten/R
2	Санпёлтен	Sankt Pölten/R
2	Санпертен	Sankt Pölten/R
2	Санпентель	Sankt Pölten/R
2	Санпентел	Sankt Pölten/R
2	Санпельшен	Sankt Pölten/R
2	Санпельшен	Sankt Pölten/R
2	Сан-Пельтон	Sankt Pölten/R
2	Санпельтон	Sankt Pölten/R
2	Санпельтел	Sankt Pölten/R
2	Санпельтек	Sankt Pölten/R
2	Санпельте	Sankt Pölten/R
2	Санпельжен	Sankt Pölten/R
2	Санпельден	Sankt Pölten/R
2	Сан-Пелтен	Sankt Pölten/R
2	Сан-Пелтен	Sankt Pölten/R
2	Сан-Пелотен	Sankt Pölten/R
2	Санкт-флорьян	Sankt Florian/R
2	Санкт-Флориян	Sankt Florian/R
2	Санктфлория	Sankt Florian/R
2	Санктпультен	Sankt Pölten/R
2	Санкт-Полтен	Sankt Pölten/R
2	Санкт Полтен	Sankt Pölten/R
2	Санктполтен	Sankt Pölten/R
2	Санкт-Пильтен	Sankt Pölten/R
2	Санктпельшен	Sankt Pölten/R
2	Санкт-Пельтен	Sankt Pölten/R
2	Санкт Пельтен	Sankt Pölten/R
2	Санктпельтек	Sankt Pölten/R
2	Санктпельте	Sankt Pölten/R
2	Санктпельта	Sankt Pölten/R
2	Санктпельбен	Sankt Pölten/R
2	Санкт-Пелтен	Sankt Pölten/R
2	Санктольтен	Sankt Pölten/R
2	Санкт-Андрей	Szentandrás;Sankt Andrä/R
2	Санкт-Андре	Szentandrás;Sankt Andrä/R
2	Санкт Андре	Szentandrás;Sankt Andrä/R
2	Санкпольтен	Sankt Pölten/R
2	Санк-Пелтен	Sankt Pölten/R
2	Санкотолин	Szentkatalin/R
2	Санкнельтен	Sankt Pölten/R
2	Сандерть	Szentgyörgy/R
2	Сандерт	Szentgyörgy/R
2	Санготхарт	Szentgotthárd/R
2	Санготхар	Szentgotthárd/R
2	Санготару	Szentgotthárd/R
2	Санготарт	Szentgotthárd/R
2	Сан-Бётен	Sankt Pölten/R
2	Самфлория	Sankt Florian/R
2	Самушнер	Szamoskér/R
2	Сампюльтен	Sankt Pölten/R
2	Сампольтен	Sankt Pölten/R
2	Сампольт	Sankt Pölten/R
2	Сампельтон	Sankt Pölten/R
2	Сампельт	Sankt Pölten/R
2	Сампелтен	Sankt Pölten/R
2	Самошуйлон	Szamosújlak/R
2	Самиельтен	Sankt Pölten/R
2	Самботчейк	Szombathely/R
2	Самботхэй	Szombathely/R
2	Самботней	Szombathely/R
2	Самботкель	Szombathely/R
2	Самботиль	Szombathely/R
2	Самбатхой	Szombathely/R
2	Сальпельтен	Sankt Pölten/R
2	Сальпельтен	Sankt Pölten/R
2	Сальпелтен	Sankt Pölten/R
2	Салькелтен	Sankt Pölten/R
2	Салпелтен	Sankt Pölten/R
2	Саласентласло	Zalaszentlászló/R
2	Саксет Мартон	Szalkszentmárton/R
2	Саксерд	Szekszárd/R
2	Сакпельтен	Sankt Pölten/R
2	Саиктпельтен	Sankt Pölten/R
2	Сажу-Море	Szatmárnémeti/R
2	Садамаш	Szádalmás/R
2	Садалалмаш	Szádalmás/R
2	Сабочь-Меди	Szabolcs/R
2	Сабочбако	Szabolcsbáka/R
2	Саботшалош	Szabadszállás/R
2	Саботсано	Szabadszállás/R
2	Сабот Салош	Szabadszállás/R
2	Саботсало	Szabadszállás/R
2	Сабот-Салаш	Szabadszállás/R
2	Саботвалош	Szabadszállás/R
2	Сабосалош	Szabadszállás/R
2	Саборсалош	Szabadszállás/R
2	Сабольч-Бако	Szabolcsbáka/R
2	Сабод-Салаш	Szabadszállás/R
2	Сабодсагаш	Szabadszállás/R
2	Сабодеалаш	Szabadszállás/R
2	Сабодалош	Szabadszállás/R
2	Сабат-Салаш	Szabadszállás/R
2	Сабатвян	Szabadbattyán/R
2	Сабат-Ботья	Szabadbattyán/R
2	Сабад-Салаш	Szabadszállás/R
2	Рюзерродваль	Füzérradvány/R
2	Рыбцевиш	Répcevis/R
2	Русские Комаровцы	Oroszkomoróc/R
2	Румыно-Венгерской границе	román-magyar határ/R
2	Руминия	Románia/R
2	Рузенберг	Rózsahegy/R
2	Рудобония	Rudabánya/R
2	Рокошпопото	Rákospalota/R
2	Рокош-Полото	Rákospalota/R
2	Рокошполоти	Rákospalota/R
2	Рокошполе	Rákospalota/R
2	Рокоша	Rakaca/R
2	Рокоца-Сент	Rakacaszend/R
2	Рокомаш	Rakamaz/R
2	Рокалоз	Rakamaz/R
2	Рознява	Rozsnyó/R
2	Роземберг	Rózsahegy/R
2	Родошто	Rodostó/R
2	Робоковоч	Rábakovácsi/R
2	Робоковач	Rábakovácsi/R
2	Рободьёриот	Rábagyarmat/R
2	Рободермант	Rábagyarmat/R
2	р-н. Капошвар	Kaposvári járás/R
2	р-не Эстергума	Esztergomi járás/R
2	р-не Эстергоф	Esztergomi járás/R
2	р-не Эперйеш	Eperjesi járás/R
2	р-не Энинг	Enyingi járás/R
2	р-не Шопрона	Soproni járás/R
2	р-не Шапран	Soproni járás/R
2	р-не Чорна	Csornai járás/R
2	р-не Цеглед	Ceglédi járás/R
2	р-не Хотвон	Hatvani járás/R
2	р-не Хевиз	Hévízi járás/R
2	р-не Физеш Абонь	Füzesabonyi járás/R
2	р-не Ушгорода	Ungvári járás/R
2	р-не Унгбар	Ungvári járás/R
2	р-не Туроц-Сент-Мартон	Turócszentmártoni járás/R
2	р-не Сумбатхей	Szombathelyi járás/R
2	р-не Сосреген	Szászrégeni járás/R
2	р-не Сомботий	Szombathelyi járás/R
2	р-не Сомботель	Szombathelyi járás/R
2	р-не Сомбатей	Szombathelyi járás/R
2	р-не Соло	Zala/R
2	р-не Силадь	Szilágy/R
2	р-не Серенч	Szerencsi járás/R
2	р-не Сентеш	Szentesi járás/R
2	р-не Сентготхард	Szentgotthárdi járás/R
2	р-не Сентготгард	Szentgotthárdi járás/R
2	р-не Прешова	Eperjesi járás/R
2	р-не Поросло	Poroszlói járás/R
2	р-не Пожон	Pozsonyi járás/R
2	р-не Пеште	Pest/R
2	р-не Папа	Pápai járás/R
2	р-не Пажонь	Pozsonyi járás/R
2	р-не Нотьконижо	Nagykanizsai járás/R
2	р-не Нодьсокачи	járás/R
2	р-не Нодьсалонта	Nagyszalontai járás/R
2	р-не Нодькереш	Nagykőrösi járás/R
2	р-не Нодьканижа	Nagykanizsai járás/R
2	р-не Нодьварод	Nagyváradi járás/R
2	р-не Ноград	Nógrád/R
2	р-не Нитра	Nyitra/R
2	р-не Ниредьгазо	Nyíregyházi járás/R
2	р-не Надькониже	Nagykanizsai járás/R
2	р-не Надьконижа	Nagykanizsai járás/R
2	р-не Мункач	Munkácsi járás/R
2	р-не Мошонмодяровар	Mosonmagyaróvári járás/R
2	р-не Мошонмадьярувар	Mosonmagyaróvári járás/R
2	р-не Мезекевиш	Mezőkövesdi járás/R
2	р-не Мако	Makói járás/R
2	р-не Мадяровар	Magyaróvári járás/R
2	р-не Ленты	Lenti járás/R
2	р-не Лендва	Lendvai járás/R
2	р-не Кюссек	Kőszegi járás/R
2	р-не Кюсек	Kőszegi járás/R
2	р-не Кюрмент	Körmendi járás/R
2	р-не Кушкомарум	Kiskomáromi járás/R
2	р-не Курменд	Körmendi járás/R
2	р-не Конувар	Kapuvári járás/R
2	р-не Комароме	Komáromi járás/R
2	р-не Комарно	Komáromi járás/R
2	р-не Комарварош	Komárvárosi járás/R
2	р-не Кёссек	Kőszegi járás/R
2	р-не Кермент	Körmendi járás/R
2	р-не Кашица	Kassai járás/R
2	р-не Капошвар	Kaposvári járás/R
2	р-не Игло	Iglói járás/R
2	р-не Зологерсек	Zalaegerszegi járás/R
2	р-не Золе	Zala/R
2	р-не Золаэгерсег	Zalaegerszegi járás/R
2	р-не Земплен	Zemplén/R
2	р-не Жилина	Zsolnai járás/R
2	р-не Егерь	Egri járás/R
2	р-не Дюла	Gyulai járás/R
2	р-не Дюер	Győri járás/R
2	р-не Дьер	Győri járás/R
2	р-не Дунофельдвор	Dunaföldvári járás/R
2	р-не Дуна-Килита	Dunakiliti járás/R
2	р-не Дорог	Dorogi járás/R
2	р-не Вудапешт	Budapest/R
2	р-не Веспрейм	Veszprémi járás/R
2	р-не Веспреим	Veszprémi járás/R
2	р-не Веленци	Velencei járás/R
2	р-не Веленце	Velencei járás/R
2	р-не Брошов	Brassói járás/R
2	р-не Братислова	Pozsonyi járás/R
2	р-не Братислав	Pozsonyi járás/R
2	р-не Боя	Bajai járás/R
2	р-не Борш	Borsi járás/R
2	р-не Берексас	Beregszászi járás/R
2	р-не Беленеш	Belényesi járás/R
2	р-не Бекешьчаба	Békéscsabai járás/R
2	р-не Бекешчобо	Békéscsabai járás/R
2	р-не Бекешчабо	Békéscsabai járás/R
2	р-не Бекешгобо	Békéscsabai járás/R
2	р-не Бац	Váci járás/R
2	р-не Балатон	Balaton/R
2	Ришкозбаранч	Rétközberencs/R
2	Ринцелок	Répcelak/R
2	Римууц	Rimóc/R
2	Римоувц	Rimóc/R
2	Римосумбут	Rimaszombat/R
2	Римосумборт	Rimaszombat/R
2	Римосомбой	Rimaszombat/R
2	Римог	Rimóc/R
2	Римассубота	Rimaszombat/R
2	Рибцевиш	Répcevis/R
2	Рёкешмезе	Rákosmező/R
2	Рефлеанвар	Révleányvár/R
2	Реукемезей	Rákosmező/R
2	Ретцевиш	Répcevis/R
2	Ресфиньсару	Jászfényszaru/R
2	Ресеч	Reszege/R
2	Репцевиз	Répcevis/R
2	Репуевиш	Répcevis/R
2	Ренцелок	Répcelak/R
2	Рексард	Szekszárd/R
2	Рейв-Фюлен	Révfülöp/R
2	Рейв-Леаль-Вар	Révleányvár/R
2	Реицевиш	Répcevis/R
2	Регенсбург	Regensburg/R
2	Ревланвар	Révleányvár/R
2	Ребцевиш	Répcevis/R
2	Рацомаш	Rácalmás/R
2	Рац-Олмаш	Rácalmás/R
2	Рац-Керестул	Ráckeresztúr/R
2	Рацкересту	Ráckeresztúr/R
2	Рацкево	Ráckeve/R
2	Рацеве	Ráckeve/R
2	Раукевер	Ráckeve/R
2	Рапушполото	Rákospalota/R
2	Раношпалоба	Rákospalota/R
2	Ракуш-Полуто	Rákospalota/R
2	Ракуш полото	Rákospalota/R
2	Ракуш Полота	Rákospalota/R
2	Ракушполо	Rákospalota/R
2	Ракуш Палята	Rákospalota/R
2	Ракушкеритур	Rákoskeresztúr/R
2	Ракуш Керестург	Rákoskeresztúr/R
2	Ракуш Керестур	Rákoskeresztúr/R
2	Ракушкерестуй	Rákoskeresztúr/R
2	Ракушкерест	Rákoskeresztúr/R
2	Ракуцефальва	Rákosfalva/R
2	Ракуцефалва	Rákosfalva/R
2	Ракошь Палата	Rákospalota/R
2	Ракош-Чобо	Rákoscsaba/R
2	Ракошфорту	Fertőrákos/R
2	Ракоштемигай	Rákosszentmihály/R
2	Ракош-Сент-Михай	Rákosszentmihály/R
2	Ракошпольта	Rákospalota/R
2	Ракошполоша	Rákospalota/R
2	Ракошполоты	Rákospalota/R
2	Ракошполоти	Rákospalota/R
2	Ракош-Полата	Rákospalota/R
2	Ракош Палуто	Rákospalota/R
2	Ракошпалкто	Rákospalota/R
2	Ракошпалать	Rákospalota/R
2	Ракош-Палата	Rákospalota/R
2	Ракошналоба	Rákospalota/R
2	Ракош-Лигет	Rákosliget/R
2	Ракошкоресту	Rákoskeresztúr/R
2	Ракошколото	Rákospalota/R
2	Ракошколота	Rákospalota/R
2	Ракошкеритур	Rákoskeresztúr/R
2	Ракошкерестут	Rákoskeresztúr/R
2	Ракошкерескут	Rákoskeresztúr/R
2	Ракошино	Beregrákos/R
2	Ракоци-Фольво	Rákóczifalva/R
2	Ракоцифоль	Rákóczifalva/R
2	Ракос-Чаба	Rákoscsaba/R
2	Раконополота	Rákospalota/R
2	Рабочолок	Rábacsanak/R
2	Рабочичий	Rábacsécsény/R
2	Рабочечи	Rábacsécsény/R
2	Работоутфалу	Rábatótfalu/R
2	Рабопотон	Rábapatona/R
2	Рабопотоло	Rábapatona/R
2	Рабонотоно	Rábapatona/R
2	Рабонордань	Rábapordány/R
2	Рабокецен	Rábakecöl/R
2	Рабоидвег	Rábahídvég/R
2	Рабодёрма	Rábagyarmat/R
2	Рабодерно	Rábagyarmat/R
2	Рабодермо	Rábagyarmat/R
2	Рабодерме	Rábagyarmat/R
2	Рабоботоно	Rábapatona/R
2	Пюшпюк Лодань	Püspökladány/R
2	Пюшпекнадош	Püspöknádasd;Mecseknádasd/R
2	Пюшпекнадож	Püspöknádasd;Mecseknádasd/R
2	Пюшпеклем	Püspöklele;Maroslele/R
2	Пюшнеклеле	Püspöklele;Maroslele/R
2	Пюшнекладань	Püspökladány/R
2	Пюшнекладан	Püspökladány/R
2	Пюшнекладайн	Püspökladány/R
2	Путапешт	Budapest/R
2	Пусто Эдерич	Pusztaederics/R
2	Пустошоморно	Pusztasomorja/R
2	Пустофеньвар	Pusztaföldvár/R
2	Пустофельдвари	Pusztaföldvár/R
2	Пустосштласлу	Pusztaszentlászló/R
2	Пустособочь	Pusztaszabolcs/R
2	Пусто-Собольг	Pusztaszabolcs/R
2	Пусто сент Ласло	Pusztaszentlászló/R
2	Пустосенласлу	Pusztaszentlászló/R
2	Пустосенласло	Pusztaszentlászló/R
2	Пустосантлато	Pusztaszentlászló/R
2	Пустопюмория	Pusztasomorja/R
2	Пусто-Модьярод	Pusztamagyaród/R
2	Пустомодьяр	Pusztamagyaród/R
2	Пустомодеруш	Pusztamagyaród/R
2	Пустоковаш	Pusztakovácsi/R
2	Пустоковачь	Pusztakovácsi/R
2	Пусто-Ковач	Pusztakovácsi/R
2	Пусто-Керестор	Pusztakeresztúr/R
2	Пусто-Замор	Pusztazámor/R
2	Пустоенге	Pusztahencse/R
2	Пустовамо	Pusztavám/R
2	Пуста-Шомориан	Pusztasomorja/R
2	Пуда Пешт	Budapest/R
2	приг. Будапешта	Budapest/R
2	Презбург	Pozsony/R
2	предместье Сент-Ендре	Szentendre külterülete/R
2	Прашов	Eperjes/R
2	Почпетре	Pócspetri/R
2	Поуч-Петри	Pócspetri/R
2	Поучпетре	Pócspetri/R
2	Поугпетри	Pócspetri/R
2	Потудань	Potudany/R
2	Потудан	Potudany/R
2	Порно-Аноди	Pornóapáti/R
2	Попряд	Poprád/R
2	Понтомаши	Paptamási/R
2	Понтомаш	Paptamási/R
2	польской границе	lengyel határ/R
2	Польманоштор	Pálmonostora/R
2	Полутопужу	Palotabozsok/R
2	Полотопужок	Palotabozsok/R
2	Полгарт	Polgár;Polgárdi/R
2	Покш толноулош	Paks, Tolna megye/R
2	Пожочагань	Pozsonycsákány/R
2	Пожонэжреш	Pozsonyeperjes/R
2	Пожоньнюшпоки	Pozsonypüspöki/R
2	Пожоньнишнеки	Pozsonypüspöki/R
2	Пожонь	Pozsony/R
2	Пожон	Pozsony/R
2	Пожёньпишнеки	Pozsonypüspöki/R
2	Пожань пишпеки	Pozsonypüspöki/R
2	Пожаньпишпек	Pozsonypüspöki/R
2	Подьсипаш	Nagyszilas/R
2	Подьсекерен	Nagyszekeres/R
2	Подьморош	Nagymaros/R
2	Подьконижо	Nagykanizsa/R
2	Подькало	Nagykálló/R
2	Подковачи	Nagykovácsi/R
2	п. Обуда	Óbuda/R
2	Пиштокнадо	Püspöknádasd;Mecseknádasd/R
2	Пишсекнадош	Püspöknádasd;Mecseknádasd/R
2	Пишрекнадош	Püspöknádasd;Mecseknádasd/R
2	Пишрекготван	Püspökhatvan/R
2	Пишпикнадош	Püspöknádasd;Mecseknádasd/R
2	Пишпикнада	Püspöknádasd;Mecseknádasd/R
2	Пишпенсилад	Püspökszilágy/R
2	Пишпекнадаш	Püspöknádasd;Mecseknádasd/R
2	Пишпеклодат	Püspökladány/R
2	Пишпек-Лодань	Püspökladány/R
2	Пишпек Лодань	Püspökladány/R
2	Пишпеклене	Püspöklele;Maroslele/R
2	Пишпеклем	Püspöklele;Maroslele/R
2	Пишпеклелле	Püspöklele;Maroslele/R
2	Пишпек-Ладонь	Püspökladány/R
2	Пишпек-Ладань	Püspökladány/R
2	Пишнеклем	Püspöklele;Maroslele/R
2	Пишнекладан	Püspökladány/R
2	Питсбург	Pittsburgh/R
2	Питервашергей	Pétervására/R
2	Писофюред	Tiszafüred/R
2	Писоорш	Tiszaőrs/R
2	Писовид	Tiszavid/R
2	Писке Эстергум	Piszke, Esztergomi járás/R
2	Писафюред	Tiszafüred/R
2	Писанана	Tiszanána/R
2	Пирпилиш	Nyírpilis/R
2	Пирлугош	Nyírlugos/R
2	Пиральгельшец	Nyírgelse/R
2	Пинцегет	Pincehely/R
2	Пимишверишвар	Pilisvörösvár/R
2	Пимицсанто	Piliszántó/R
2	Пилши-Вере-Швар	Pilisvörösvár/R
2	Пилиш-Сантор	Piliszántó/R
2	Пилиш Санто	Piliszántó/R
2	Пилишверетвар	Pilisvörösvár/R
2	Пилич Эрешвоер	Pilisvörösvár/R
2	Пилисчого	Piliscsaba/R
2	Пилашморот	Pilismarót/R
2	Пешт Яра	Pest/R
2	Пешт-Хидекут	Pesthidegkút/R
2	Пештхидек Кут	Pesthidegkút/R
2	Пештучей	Pestújhely/R
2	Пештухвей	Pestújhely/R
2	Пештунгель	Pestújhely/R
2	Пештунгей	Pestújhely/R
2	Пештуйчейль	Pestújhely/R
2	Пешт-Уйгей	Pestújhely/R
2	Пешт Уйгей	Pestújhely/R
2	Пештугай	Pestújhely/R
2	Пешт-Сент Эржибет	Pestszenterzsébet/R
2	Пешт-Санлоренц	Pestszentlőrinc/R
2	Пешт Медя	Pest/R
2	Пешт-Идегкут	Pesthidegkút/R
2	Пештидегкут	Pesthidegkút/R
2	Пешт Вар Меде	Pest/R
2	Пешнехоза	Petneháza/R
2	Пешнекладань	Püspökladány/R
2	Пеш-Меде	Pest/R
