10	Воронеж	Voronezs=T
8	Трансильвания	Erdély=T
7	Комаро	Komaro=T
7	Комарно	Komarno=T
6	Станиславской	Sztaniszlavszkoj=T
6	Борнхольм	Bornholym=T
5	Сатумари	Szatumari=T
5	Мишкольц	Miskolyc=T
4	Фешр	Fesr=T
4	Станислава	Sztaniszlava=T
4	Станислав	Sztaniszlav=T
4	Сотмари	Szotmari=T
4	Сот-Мар	Szot-Mar=T
4	Сатумары	Szatumari=T
4	Пешт-Меде	Pest-Megye=T
4	Муреш	Mures=T
4	Мукачево	Mukacsevo=T
4	Дебрецен	Gyebrecen=T
4	Грац	Grac=T
4	Воронежской	Voronezsszkoj=T
3	Чук	Csuk=T
3	Чемер	Csemer=T
3	Мукачев	Mukacsev=T
3	Морморош	Mormoros=T
3	Кур	Kur=T
3	Колошвар	Kolosvar=T
3	Коломия	Kolomija=T
3	Ковель	Kovely=T
3	Касторное	Kasztornoe=T
3	Золь	Zoly=T
3	Золла	Zolla=T
3	Зого	Zogo=T
3	Земпли	Zempli=T
3	Зволен	Zvolen=T
3	Дона	Dona=T
3	Ганду	Gandu=T
3	Воронеж.	Voronezs.=T
3	Бичар	Bicsar=T
3	Банат	Banat=T
2	Яснодькунсолнок	Jásznogykunszolnok=T
2	Шипронь	Siprony=T
2	Чонт	Csont=T
2	Чонад-Меде	Csonad-Megye=T
2	Чон	Cson=T
2	Чиксередо	Csikszeredo=T
2	Хуст	Huszt=T
2	Хунидора	Hunidora=T
2	Хонтбарш	Hontbars=T
2	Хонду	Hondu=T
2	Хатван	Hatvan=T
2	Ханду	Handu=T
2	Фогир	Fogir=T
2	Фелир	Felir=T
2	Ушгород	Usgorod=T
2	Унтергальд	Untergald=T
2	Унгвар	Ungvar=T
2	Улачо	Ulacso=T
2	Тычу	Ticsu=T
2	Тыну	Tinu=T
2	Телиш	Telis=T
2	Тейчет	Técset=T
2	Сошмар	Szosmar=T
2	Сотмарского	Szotmarszkogo=T
2	Сокмар	Szokmar=T
2	Собольче	Szobolycse=T
2	Силади	Sziladi=T
2	Серенч	Szerencs=T
2	Севлюш	Szevlyus=T
2	Сасреген	Szaszregen=T
2	Пошт	Post=T
2	Пейч	Pécs=T
2	Папа	Papa=T
2	Обоут	Obout=T
2	Новоградской	Novogradszkoj=T
2	Нитропожонь	Nitropozsony=T
2	Монкач	Monkacs=T
2	Меде	Megye=T
2	Кошице	Kosice=T
2	Косторное	Kosztornoe=T
2	Коморо	Komoro=T
2	Комор	Komor=T
2	Комароши	Komarosi=T
2	Кишкюкюле	Kiskyukyule=T
2	Ке	Ke=T
2	Золло	Zollo=T
2	Земплиу	Zempliu=T
2	Земили	Zemili=T
2	Земилен	Zemilen=T
2	Дялу	Gyalu=T
2	Дубно	Dubno=T
2	Говеш	Goves=T
2	Гер	Ger=T
2	Воронежск.	Voronezsszk.=T
2	Воронежа	Voronezsa=T
2	Веспрель	Veszprely=T
2	Вашарошномень	Vasarosnomeny=T
2	Вар	Var=T
2	Будапештской	Budapestszkoj=T
2	Братиславы	Bratiszlavi=T
2	Боршоут	Borsout=T
2	Борош	Boros=T
2	Божбодрог	Bozsbodrog=T
2	Берлина	Berlina=T
2	Берегова	Beregova=T
2	Бенеш	Benes=T
2	Белгорода	Belgoroda=T
2	Багар	Bagar=T
2	Алба	Alba=T
2	I	I=T
1	Ястомазсорньит	Jásztomazszornyit=T
1	Яссы	Jászszi=T
1	Яспоксольнок	Jászpokszolynok=T
1	Ясноуфкунсолна	Jásznoufkunszolna=T
1	Яснотокут	Jásznotokut=T
1	Яснокюнсольнок	Jásznokyunszolynok=T
1	Яснокунсолна	Jásznokunszolna=T
1	Яснокульсолнок	Jásznokulyszolnok=T
1	Ясноксолнок	Jásznokszolnok=T
1	Ясной Кульсона	Jásznoj_Kulyszona=T
1	Ясной	Jásznoj=T
1	Яснодь-Солнок	Jásznogy-Szolnok=T
1	Яснодькун сокну	Jásznogykun_szoknu=T
1	Яснодь Кунсильнок	Jásznogy_Kunszilynok=T
1	Яснодькумсолнок	Jásznogykumszolnok=T
1	Яснодькуисолнок	Jásznogykuiszolnok=T
1	Яснодкум сольнок	Jásznodkum_szolynok=T
1	Яснодкульнок	Jásznodkulynok=T
1	Яснадь	Jásznagy=T
1	Ясладань	Jászladany=T
1	Яраш	Járas=T
1	Янокул Солнок	Jánokul_Szolnok=T
1	Як-Ярош	Ják-Járos=T
1	Эсюерга	Eszyuerga=T
1	Эст	Eszt=T
1	Эсбергам	Eszbergam=T
1	Эрчи	Ercsi=T
1	Эрод	Erod=T
1	Эрдит	Erdit=T
1	Эрда сент-торта	Erda_szent-torta=T
1	Эпцогош	Epcogos=T
1	Элитера	Elitera=T
1	Эдьгазошфало	Egygazosfalo=T
1	Эдлен	Edlen=T
1	Эгри	Egri=T
1	Эгер. Гевеш	Eger._Geves=T
1	Эгер	Eger=T
1	Эггер	Egger=T
1	Эвано-Кунсоло	Evano-Kunszolo=T
1	Щаторя	Satorja=T
1	Шюль	Syuly=T
1	Шунграу	Sungrau=T
1	Шумуцкая	Sumuckaja=T
1	Штулвейзолбург	Stulvézolburg=T
1	Штулвейзенбург	Stulvézenburg=T
1	Штоймон	Stojmon=T
1	Штаермарка	Staermarka=T
1	Шрю	Sryu=T
1	Шпомоль	Spomoly=T
1	Шоюсенетер	Soyuszeneter=T
1	Шорбогард	Sorbogard=T
1	Шопронска	Sopronszka=T
1	Шопромаде	Sopromagye=T
1	Шонкок	Sonkok=T
1	Шонец	Sonec=T
1	Шомю	Somyu=T
1	Шомош	Somos=T
1	Шомото	Somoto=T
1	Шомодво	Somodvo=T
1	Шолють	Solyuty=T
1	Шолгодь	Solgogy=T
1	Шойкерестур	Sojkeresztur=T
1	Шогуюнь	Soguyuny=T
1	Шимотольно	Simotolyno=T
1	Шимонторно	Simontorno=T
1	Шимондорго	Simondorgo=T
1	Шимов	Simov=T
1	Шимеш	Simes=T
1	Шивар	Sivar=T
1	Шепрем	Seprem=T
1	Шеморьян	Semoryjan=T
1	Шегешвар Надкукщ	Segesvar_Nadkuks=T
1	Шебши	Sebsi=T
1	Шебсисаидердь	Sebsziszaigyergy=T
1	шах. Ростовской	sah._Rosztovszkoj=T
1	Шаторороуйчей	Satororoujcsé=T
1	Шатон	Saton=T
1	Шароштордо	Sarostordo=T
1	Шарожиоток	Sarozsiotok=T
1	Шарно	Sarno=T
1	Шарвар	Sarvar=T
1	Шарбогар	Sarbogar=T
1	Шапроневе	Saproneve=T
1	Шапроне	Saprone=T
1	Шамонь	Samony=T
1	Шамоке	Samoke=T
1	Шамоди	Samodi=T
1	Шамоде	Samogye=T
1	Шамидь	Samigy=T
1	Шалот	Salot=T
1	Шавой	Savoj=T
1	Шааш	Sás=T
1	Чутрад	Csutrad=T
1	Чурго	Csurgo=T
1	Чунед	Csuned=T
1	Чумград	Csumgrad=T
1	Чорго	Csorgo=T
1	Чопау	Csopau=T
1	Чопат	Csopat=T
1	Чопад	Csopad=T
1	Чонорад	Csonorad=T
1	Чонграф	Csongraf=T
1	Чонград-Медье	Csongrad-Megye=T
1	Чонар	Csonar=T
1	Чол	Csol=T
1	Чокоридо	Csokorido=T
1	Чокград	Csokgrad=T
1	Чокау	Csokau=T
1	Чокад	Csokad=T
1	Чои	Csoi=T
1	Чогат	Csogat=T
1	Човград	Csovgrad=T
1	Чиш	Csis=T
1	Чип	Csip=T
1	Чиопрок	Csioprok=T
1	Чингрод	Csingrod=T
1	Чин	Csin=T
1	Чикситор	Csikszitor=T
1	Чик моде	Csik_mogye=T
1	Чик-Меде	Csik-Megye=T
1	Чикград	Csikgrad=T
1	Чикварс	Csikvarsz=T
1	Чёлор	Csolor=T
1	Чехословак	Csehoszlovak=T
1	Честеши	Csesztesi=T
1	Ческ	Cseszk=T
1	Черновицы	Csernovici=T
1	Черно	Cserno=T
1	Чернград	Cserngrad=T
1	Чермень	Csermeny=T
1	Черкешешари	Cserkesesari=T
1	Ченед	Csened=T
1	Ченая	Csenaja=T
1	Ченати	Csenati=T
1	Ченадской	Csenadszkoj=T
1	Чен	Csen=T
1	Чемприд	Csemprid=T
1	Чемор	Csemor=T
1	Чем	Csem=T
1	Челяр.	Cseljar.=T
1	Челнград	Cselngrad=T
1	Чек	Csek=T
1	Чейгрод	Cségrod=T
1	Чатаван	Csatavan=T
1	Чарумскейк	Csarumszkék=T
1	Чарумсейк Шепши	Csarumszék_Sepsi=T
1	Чародие	Csarodie=T
1	Чарифоль	Csarifoly=T
1	Чанград Геозмалом	Csangrad_Geozmalom=T
1	Чанал Меде	Csanal_Megye=T
1	Чанад-Меде	Csanad-Megye=T
1	Чакод	Csakod=T
1	Чадиград	Csadigrad=T
1	Чаанад	Csánad=T
1	Цигмаус	Cigmausz=T
1	Цельдемцюг	Celygyemcyug=T
1	Цейколудваргай	Cékoludvargaj=T
1	Цальдо	Calydo=T
1	Хунен	Hunen=T
1	Хунедуара	Huneduara=T
1	Хунедогра	Hunedogra=T
1	Хунвод	Hunvod=T
1	Хоумц менш	Houmc_mens=T
1	Хотын	Hotin=T
1	Хотду	Hotdu=T
1	Хотва	Hotva=T
1	Хорумыч	Horumics=T
1	Хоромик	Horomik=T
1	Хоромеен	Horomén=T
1	Хорастум	Horasztum=T
1	Хонд-Меди	Hond-Medi=T
1	Хомерсайк	Homerszajk=T
1	Холт	Holt=T
1	Холлек	Hollek=T
1	Хойзу	Hojzu=T
1	Хойду-Меде	Hojdu-Megye=T
1	Хойд[...]	Hojd[...]=T
1	Хогорош	Hogoros=T
1	Хован	Hovan=T
1	Хевеш-Меде	Heves-Megye=T
1	Хевеш-Меда	Heves-Meda=T
1	Хевеш мадяр	Heves_magyar=T
1	Хебш	Hebs=T
1	Харумсейн	Harumszén=T
1	Харошеим	Haroseim=T
1	Харомсы	Haromszi=T
1	Харомсоклизе	Haromszoklize=T
1	Харомак Меди	Haromak_Medi=T
1	Харомак	Haromak=T
1	Харолнек	Harolnek=T
1	Хайфри	Hajfri=T
1	Хайдумедс	Hajdumedsz=T
1	Хайдумедио	Hajdumedio=T
1	Хайдуй	Hajduj=T
1	Фягир	Fjagir=T
1	Фрейдо	Frédo=T
1	Франкфурт н/М.	Frankfurt_n/M.=T
1	Форой	Foroj=T
1	форвар	forvar=T
1	Фогервар	Fogervar=T
1	Фисьмин	Fiszymin=T
1	Фир	Fir=T
1	Фетр	Fetr=T
1	Фер-вар	Fer-var=T
1	Фепр	Fepr=T
1	Феняр	Fenyar=T
1	Фельши-Ярошобмарушторда	Felysi-Járosobmarustorda=T
1	Фельшидобол	Felysidobol=T
1	Фекр	Fekr=T
1	Фекир	Fekir=T
1	Фейхеншеде	Féhensegye=T
1	Фейер (Феер)	Féer_(Fér)=T
1	Фейгер	Féger=T
1	Фей	Fé=T
1	Фежирокаш	Feschirokasch=T
1	Фежер	Fezser=T
1	Феел	Fél=T
1	Фееир	Féir=T
1	Фегнер	Fegner=T
1	Фегирнеде	Fegirnegye=T
1	Фегирм	Fegirm=T
1	Фегирдярмат	Fegirgyarmat=T
1	Фегирдармой	Fegirdarmoj=T
1	Феги	Fegi=T
1	Фегерф	Fegerf=T
1	Фегерск.	Fegerszk.=T
1	Фегер-Меде	Feger-Megye=T
1	Фегеир	Fegeir=T
1	Фау	Fau=T
1	Фани	Fani=T
1	Фазоврнеш	Fazovrnes=T
1	Фаги	Fagi=T
1	Фаар	Fár=T
1	Уюса	Uyusza=T
1	Ушхород	Ushorod=T
1	Ушадрей	Usadré=T
1	Ухчо	Uhcso=T
1	Утовой	Utovoj=T
1	Уснер	Uszner=T
1	Уртваргей	Urtvargé=T
1	Уросвар	Uroszvar=T
1	Уняд	Unyad=T
1	Унтергольд	Untergold=T
1	Унсольник	Unszolynik=T
1	Унпешт	Unpest=T
1	Уневар	Unevar=T
1	Унгвяр	Ungvjar=T
1	Унгваре	Ungvare=T
1	Унва	Unva=T
1	Уйворош	Ujvoros=T
1	Уигвари	Uigvari=T
1	Узды	Uzdi=T
1	Узгород	Uzgorod=T
1	Ужгородской	Uzsgorodszkoj=T
1	Удвургеи	Udvurgei=T
1	Удвургай	Udvurgaj=T
1	Удворий	Udvorij=T
1	Удворген	Udvorgen=T
1	Удворгейм	Udvorgém=T
1	Удворгат	Udvorgat=T
1	Удворга	Udvorga=T
1	Удверчей	Udvercsé=T
1	Удвергеи	Udvergei=T
1	Удварчей	Udvarcsé=T
1	Удвар-чей	Udvar-csé=T
1	Удвари	Udvari=T
1	Удвагей	Udvagé=T
1	Угри-Авлев	Ugri-Aulev=T
1	Угорош	Ugoros=T
1	Уголов	Ugolov=T
1	Угог	Ugog=T
1	Тюронталь	Tyurontaly=T
1	Тюнци	Tyunci=T
1	Тюмюр	Tyumyur=T
1	Тюльно	Tyulyno=T
1	Тьячева	Tyjacseva=T
1	Туроут	Turout=T
1	Трискауте	Triszkaute=T
1	Трискаунь	Triszkauny=T
1	Трейскупе	Trészkupe=T
1	Трей-скаупе	Tré-szkaupe=T
1	Трей-Скаунс	Tré-Szkaunsz=T
1	Треи-Скауне	Trei-Szkaune=T
1	Трансельвания	Transzelyvanija=T
1	Трансельвании	Transzelyvanii=T
1	Тошог	Tosog=T
1	Тотай	Totaj=T
1	Торцаарапеш	Torcárapes=T
1	Тород Мориш	Torod_Moris=T
1	Тордс	Tordsz=T
1	Тордо-Меде	Tordo-Megye=T
1	Тордаранюш Колошвар	Tordaranyus_Kolosvar=T
1	Торвен	Torven=T
1	То[...]р	To[...]r=T
1	Топольнай	Topolynaj=T
1	Топой	Topoj=T
1	Тонград	Tongrad=T
1	Томн	Tomn=T
1	Томаши	Tomasi=T
1	Томадь	Tomagy=T
1	Тома	Toma=T
1	Тольномэде	Tolynomegye=T
1	Тольномедр	Tolynomedr=T
1	Тольномедня	Tolynomednya=T
1	Тольномед.	Tolynomed.=T
1	Тольная	Tolynaja=T
1	Тольна Меде	Tolyna_Megye=T
1	Тольма	Tolyma=T
1	Только	Tolyko=T
1	Толч	Tolcs=T
1	Толно-Ней	Tolno-Né=T
1	Толнодь	Tolnogy=T
1	Толнанськая	Tolnanszykaja=T
1	Толна-Медье	Tolna-Megye=T
1	Толна-Меде	Tolna-Megye=T
1	Толло	Tollo=T
1	Тойше	Tojse=T
1	Тойду	Tojdu=T
1	тоже	tozse=T
1	Тожа	Tozsa=T
1	Товсегет-Челикизе	Tovszeget-Cselikize=T
1	Тобо	Tobo=T
1	Тоби	Tobi=T
1	Тишонефешеарош	Tisonefesearos=T
1	Тисоши. Яслодань	Tiszosi._Jászlodany=T
1	Тисон	Tiszon=T
1	Тисолькозен	Tiszolykozen=T
1	Тисасентшоре	Tiszaszentsore=T
1	Тисагел	Tiszagel=T
1	Тимишь-Торонтал	Timisy-Torontal=T
1	Тикет	Tiket=T
1	Тизо-Кезен	Tizo-Kezen=T
1	Тиборлагерь	Tiborlagery=T
1	Тешт-Илиш	Test-Ilis=T
1	Тешт	Test=T
1	Тешойа	Tesoja=T
1	Тетеш.	Tetes.=T
1	Тесейфельши	Teszéfelysi=T
1	Терния	Ternija=T
1	Тернао-Нике	Ternao-Nike=T
1	Тернаво-Мики	Ternavo-Miki=T
1	Тернавамарес	Ternavamaresz=T
1	Тенер	Tener=T
1	Теммер	Temmer=T
1	Темишоре	Temisore=T
1	Темермедо	Temermedo=T
1	Тельпольф	Telypolyf=T
1	Телпь	Telpy=T
1	Телени	Teleni=T
1	Тевиш	Tevis=T
1	Тата	Tata=T
1	Тархань	Tarhany=T
1	Тарумсек	Tarumszek=T
1	Тартуош	Tartuos=T
1	Таролтал	Taroltal=T
1	Тарновамика	Tarnovamika=T
1	Тарл	Tarl=T
1	Таркань Комаром	Tarkany_Komarom=T
1	Танодь	Tanogy=T
1	Тально[...]	Talyno[...]=T
1	Талто	Talto=T
1	Тал	Tal=T
1	Сяжиярош	Szjazsijaros=T
1	Сыкей-Удварий	Sziké-Udvarij=T
1	Сумнок	Szumnok=T
1	Сумбутген	Szumbutgen=T
1	Судсан	Szudszan=T
1	Сташелав	Sztaselav=T
1	Стара Дяла	Sztara_Gyala=T
1	Станислав.	Sztaniszlav.=T
1	Сотьябаш	Szotyjabas=T
1	Сотмарнимяты	Szotmarnimjati=T
1	Сотмар-Медье	Szotmar-Megye=T
1	Сотлоор	Szotloor=T
1	Сотлар	Szotlar=T
1	Сороки	Szoroki=T
1	Сорок	Szorok=T
1	Сопмор	Szopmor=T
1	Соошмар	Szoosmar=T
1	Соотмарека	Szootmareka=T
1	Сонбатхель	Szonbathely=T
1	Сомноклес	Szomnoklesz=T
1	Сомеш	Szomes=T
1	Сомбатгай	Szombatgaj=T
1	Сомаш	Szomas=T
1	Сольнокской	Szolynokszkoj=T
1	Сольнок-Медли	Szolynok-Medli=T
1	Сольногдобока	Szolynogdoboka=T
1	Сольнич	Szolynics=T
1	Сольниг	Szolynig=T
1	Солпопуробоко	Szolpopuroboko=T
1	Солоу Ниска Лонше	Szolou_Niszka_Lonse=T
1	Солонь	Szolony=T
1	Солонок-дабоко	Szolonok-daboko=T
1	Солон	Szolon=T
1	Солнок море	Szolnok_more=T
1	Солнок-Меде	Szolnok-Megye=T
1	Солнокдобохо	Szolnokdoboho=T
1	Солнокдобано	Szolnokdobano=T
1	Солмар	Szolmar=T
1	Солим	Szolim=T
1	Солесендрот	Szoleszendrot=T
1	Солгеди	Szolgedi=T
1	Солво	Szolvo=T
1	Сокмор	Szokmor=T
1	Соиник	Szoinik=T
1	Собошь	Szobosy=T
1	Собор Броньев	Szobor_Bronyev=T
1	Собооч-Меде	Szoboocs-Megye=T
1	Собонч	Szoboncs=T
1	Соболя	Szobolja=T
1	Соболья	Szobolyja=T
1	Собольш	Szobolys=T
1	Собольч-Мезе	Szobolycs-Meze=T
1	Собольт	Szobolyt=T
1	Собольн	Szobolyn=T
1	Собольк	Szobolyk=T
1	Собольдж	Szobolydzs=T
1	Соболь	Szoboly=T
1	Соболт	Szobolt=T
1	Соболош	Szobolos=T
1	Соболнь	Szobolny=T
1	Соболичь	Szobolicsy=T
1	Собол	Szobol=T
1	Собкочь	Szobkocsy=T
1	Собейке	Szobéke=T
1	Собачь	Szobacsy=T
1	Собач	Szobacs=T
1	Собат	Szobat=T
1	Сниксудварий	Sznikszudvarij=T
1	Смоленской	Szmolenszkoj=T
1	Слов.	Szlov.=T
1	Сирок	Szirok=T
1	Синок	Szinok=T
1	Симудсеру	Szimudszeru=T
1	Симбор	Szimbor=T
1	Силода	Sziloda=T
1	Силикы Меди	Sziliki_Medi=T
1	Силау	Szilau=T
1	Силар	Szilar=T
1	Силадо	Szilado=T
1	Силадие	Sziladie=T
1	Сиксай	Szikszaj=T
1	Сигитбече	Szigitbecse=T
1	Сиветвар	Szivetvar=T
1	Сиболг	Szibolg=T
1	Сечень	Szecseny=T
1	Сетнек	Szetnek=T
1	Серепш	Szereps=T
1	Серенчиораш	Szerencsioras=T
1	Серенги	Szerengi=T
1	Сепсорд	Szepszord=T
1	Сентомаш	Szentomas=T
1	Сентержибет	Szenterzsibet=T
1	Сентгрот	Szentgrot=T
1	Сентготтхарт	Szentgotthart=T
1	Сентгатор	Szentgator=T
1	Сенеудваргей	Szeneudvargé=T
1	Сенди	Szendi=T
1	Сенгтгрот.	Szengtgrot.=T
1	Сенгруд	Szengrud=T
1	Сенгобхард	Szengobhard=T
1	Сенгалеш	Szengales=T
1	Селадь	Szelagy=T
1	Селад	Szelad=T
1	Секстфехервар	Szeksztfehervar=T
1	Секса-дери	Szeksza-gyeri=T
1	Секоудвайгер	Szekoudvajger=T
1	Секешфехервар	Szekesfehervar=T
1	Секеш-фегервар	Szekes-fegervar=T
1	Секешфегервар	Szekesfegervar=T
1	Секеудворгей	Szekeudvorgé=T
1	сек	szek=T
1	Сейко Удвойба	Széko_Udvojba=T
1	Сейкеш-Феерварош	Székes-Férvaros=T
1	Сейкеудворгей	Székeudvorgé=T
1	Сейкеудвирхей	Székeudvirhé=T
1	Сей-кельудворхей	Szé-kelyudvorhé=T
1	Сейкельудворгей	Székelyudvorgé=T
1	Сейкейудваргей	Székéudvargé=T
1	Севешмеда	Szevesmeda=T
1	Северич	Szeverics=T
1	Северин	Szeverin=T
1	Се	Sze=T
1	Сдерас	Szgyerasz=T
1	Сволевской	Szvolevszkoj=T
1	Сашу-Мари	Szasu-Mari=T
1	Сахнок	Szahnok=T
1	Сатутары	Szatutari=T
1	Сату-Море	Szatu-More=T
1	Сатумарок	Szatumarok=T
1	Сату-Мари	Szatu-Mari=T
1	Сату-Маре	Szatu-Mare=T
1	Сатумаде	Szatumagye=T
1	Сатор	Szator=T
1	Сатмор Меде	Szatmor_Megye=T
1	Сат-Мар	Szat-Mar=T
1	Сатман	Szatman=T
1	Сатлюра	Szatlyura=T
1	Сатилер	Szatiler=T
1	Сатамар Меде	Szatamar_Megye=T
1	Сапош	Szapos=T
1	Санька	Szanyka=T
1	Саншян	Szansjan=T
1	Сантор	Szantor=T
1	Саненар	Szanenar=T
1	Санаш	Szanas=T
1	Самуш	Szamus=T
1	Самошуйвар	Szamosujvar=T
1	Самольная	Szamolynaja=T
1	Самок	Szamok=T
1	Самеш	Szames=T
1	Саманд	Szamand=T
1	Салюч	Szalyucs=T
1	Сальстмар	Szalysztmar=T
1	Салоно	Szalono=T
1	Салокие	Szalokie=T
1	Салнокмадья	Szalnokmagyja=T
1	Сално	Szalno=T
1	Салаш	Szalas=T
1	Салать	Szalaty=T
1	Салам	Szalam=T
1	Саладь	Szalagy=T
1	Сакмор	Szakmor=T
1	Сакмарк	Szakmark=T
1	Сакейудварчей	Szakéudvarcsé=T
1	Саинок	Szainok=T
1	Сагунь	Szaguny=T
1	Сабольч-мадя	Szabolycs-magya=T
1	Сабольн	Szabolyn=T
1	Сабой	Szaboj=T
1	Сабоик	Szaboik=T
1	Сабельд	Szabelyd=T
1	Сабанл	Szabanl=T
1	Сабальш	Szabalys=T
1	Сабак	Szabak=T
1	Рымосомбат	Rimoszombat=T
1	Русечки	Ruszecski=T
1	Руманест	Rumaneszt=T
1	Ружня	Ruzsnya=T
1	Рудоц	Rudoc=T
1	Рохенево	Rohenevo=T
1	Ротислава	Rotiszlava=T
1	Россошь	Roszszosy=T
1	Рожнов	Rozsnov=T
1	Рожнев	Rozsnev=T
1	Рожне	Rozsne=T
1	Родуш	Rodus=T
1	Родоуцкого	Rodouckogo=T
1	Родня	Rodnya=T
1	Родецу	Rogyecu=T
1	Решрмоге	Resrmoge=T
1	Ресдшаг	Reszdsag=T
1	Рейчагского	Récsagszkogo=T
1	Рейхер	Réher=T
1	Рацкеве	Rackeve=T
1	Раукави	Raukavi=T
1	Ратмар	Ratmar=T
1	Распоиши	Raszpoisi=T
1	Райду	Rajdu=T
1	Пять	Pjaty=T
1	Пянтрушин	Pjantrusin=T
1	Пысопатер	Piszopater=T
1	Путнок	Putnok=T
1	Проленск.	Prolenszk.=T
1	Припять	Pripjaty=T
1	Поч. Бодрон	Pocs._Bodron=T
1	Почö	Pocsö=T
1	Поуй	Pouj=T
1	Пототранска Жупа	Pototranszka_Zsupa=T
1	Потонь	Potony=T
1	Потол	Potol=T
1	Потего	Potego=T
1	пост	poszt=T
1	Порек	Porek=T
1	Попаз	Popaz=T
1	Понград	Pongrad=T
1	Помонь	Pomony=T
1	Померания	Pomeranija=T
1	Помер	Pomer=T
1	Помазы	Pomazi=T
1	Помаз	Pomaz=T
1	Полетмеда	Poletmeda=T
1	Пожян	Pozsjan=T
1	Пожонь-Нитре	Pozsony-Nitre=T
1	Пожон[...]	Pozson[...]=T
1	Пожом	Pozsom=T
1	Пожнев	Pozsnev=T
1	Пожанк	Pozsank=T
1	Подкорнат	Podkornat=T
1	Поград	Pograd=T
1	Поверну	Povernu=T
1	Повград	Povgrad=T
1	пл. Вашортер	pl._Vasorter=T
1	Питро	Pitro=T
1	Пешт-Пилишорткишкон	Pest-Pilisortkiskon=T
1	Пештмеер	Pestmér=T
1	Пештмедеш	Pestmegyes=T
1	Пешт-Илиш	Pest-Ilis=T
1	Пештдер	Pestgyer=T
1	Пешта-Меде	Pesta-Megye=T
1	Пешт	Pest=T
1	пешт	pest=T
1	Пешниминев	Pesniminev=T
1	Пешнилиш	Pesnilis=T
1	Пешмядя	Pesmjagya=T
1	Пешання	Pesannya=T
1	Пеша	Pesa=T
1	Печ	Pecs=T
1	Петш	Pets=T
1	Петервашаро	Petervasaro=T
1	Пес	Pesz=T
1	Перололвания	Perololvanija=T
1	Перечель	Perecsely=T
1	Пем	Pem=T
1	Пельт	Pelyt=T
1	Пелит	Pelit=T
1	Пекиич	Pekiics=T
1	Пекеш	Pekes=T
1	Пейцел	Pécel=T
1	Пейхит	Péhit=T
1	Пейтервашурхевеш	Pétervasurheves=T
1	Пейкеш-Вар	Pékes-Var=T
1	Пейкеш	Pékes=T
1	Пега	Pega=T
1	Пач Бордо	Pacs_Bordo=T
1	Пахо	Paho=T
1	Патане	Patane=T
1	Паркате	Parkate=T
1	Паркань	Parkany=T
1	Пардовиц	Pardovic=T
1	Пар[...]	Par[...]=T
1	Палуцтоуцотер	Paluctoucoter=T
1	Пакай Меде	Pakaj_Megye=T
1	Паг	Pag=T
1	Оузд	Ouzd=T
1	Острогорска Воронежской	Osztrogorszka_Voronezsszkoj=T
1	Острогорска	Osztrogorszka=T
1	Острогожск	Osztrogozsszk=T
1	Остмар	Osztmar=T
1	Орски-Тордо	Orszki-Tordo=T
1	Оротгаза Бекет	Orotgaza_Beket=T
1	Ород-Меде	Orod-Megye=T
1	Орингоштва	Oringostva=T
1	Оречир	Orecsir=T
1	Оренештордь	Orenestorgy=T
1	Орапешдерим	Orapesgyerim=T
1	Оранеш-Торд	Oranes-Tord=T
1	Оради	Oradi=T
1	Ольшулендо	Olysulendo=T
1	Ольшофеер	Olysofér=T
1	Ольша	Olysa=T
1	Окрер Эгер	Okrer_Eger=T
1	Оклаи	Oklai=T
1	Окань	Okany=T
1	Одорий	Odorij=T
1	Одер	Ogyer=T
1	Овеш	Oves=T
1	Обут	Obut=T
1	Обсуй	Obszuj=T
1	Обоун.	Oboun.=T
1	Обоумтурке	Oboumturke=T
1	Обоулл	Oboull=T
1	Обоуйтурно	Oboujturno=T
1	Обоуйторна	Oboujtorna=T
1	Обоуйдевече	Oboujgyevecse=T
1	Обоу	Obou=T
1	Обой-Торно	Oboj-Torno=T
1	Обойторда	Obojtorda=T
1	Обоиторно	Oboitorno=T
1	Обовждешков	Obovzsgyeskov=T
1	Обежфегир	Obezsfegir=T
1	Обдурио	Obdurio=T
1	Обаут	Obaut=T
1	Обауйторно	Obaujtorno=T
1	Обайуториц	Obajutoric=T
1	Оачна	Oacsna=T
1	Ношт	Nost=T
1	Ночоллу	Nocsollu=T
1	Ночврот	Nocsvrot=T
1	Ноугард	Nougard=T
1	Ноть Кюхуле	Noty_Kyuhule=T
1	Нотьконижо	Notykonizso=T
1	Носрая	Noszraja=T
1	Носекерет	Noszekeret=T
1	Нонош	Nonos=T
1	Номкур	Nomkur=T
1	Нойтотяд	Nojtotyad=T
1	Нодь-Солонк	Nogy-Szolonk=T
1	Нодьсёлеш	Nogyszoles=T
1	Нодь Карай	Nogy_Karaj=T
1	Нодькара	Nogykara=T
1	Нодькалон	Nogykalon=T
1	Нодьвар	Nogyvar=T
1	Нодьбадово	Nogybadovo=T
1	Нодь	Nogy=T
1	Нодгоер	Nodgoer=T
1	Нодвар	Nodvar=T
1	Новргад	Novrgad=T
1	Новрад	Novrad=T
1	Новоградное	Novogradnoe=T
1	Новоград	Novograd=T
1	Новерод	Noverod=T
1	Новгр.	Novgr.=T
1	Новгород-Лйово	Novgorod-Ljovo=T
1	Новгород	Novgorod=T
1	Новгард	Novgard=T
1	Новгад	Novgad=T
1	Новай	Novaj=T
1	Нитропонижок	Nitroponizsok=T
1	Нитроеди	Nitroedi=T
1	Нитра похен	Nitra_pohen=T
1	Нитрапонсонь	Nitraponszony=T
1	Нистко	Nisztko=T
1	Нирэдьхаз	Niregyhaz=T
1	Нирьеньязо	Niryenyjazo=T
1	Ниредхаза	Niredhaza=T
1	Нирабрадь. Саболчь	Nirabragy._Szabolcsy=T
1	Нииренохази	Niirenohazi=T
1	Нижропоток	Nizsropotok=T
1	Нешт	Nest=T
1	Нетропознун	Netropoznun=T
1	Нест	Neszt=T
1	Неридгазов	Neridgazov=T
1	Неошок	Neosok=T
1	Немет	Nemet=T
1	Ней	Né=T
1	Недегиккаро Кирай	Negyegikkaro_Kiraj=T
1	Невград	Nevgrad=T
1	Наштерберапуста Рохер	Nasterberapuszta_Roher=T
1	Надьсоланта	Nagyszolanta=T
1	Надьмогуш	Nagymogus=T
1	Надькорей	Nagykoré=T
1	Надькониже	Nagykonizse=T
1	Надь Варот	Nagy_Varot=T
1	Надожи	Nadozsi=T
1	Надкукин	Nadkukin=T
1	Надворно	Nadvorno=T
1	Мурсеасубота	Murszeaszubota=T
1	Муросомботгей	Muroszombotgé=T
1	Муро	Muro=T
1	Мурий	Murij=T
1	Мури	Muri=T
1	Мурешской	Muresszkoj=T
1	Муречи	Murecsi=T
1	Мурем	Murem=T
1	Мурахомбай	Murahombaj=T
1	Мурав	Murav=T
1	Мура	Mura=T
1	Мунчак	Muncsak=T
1	Мункачев	Munkacsev=T
1	Мункач	Munkacs=T
1	Муколево	Mukolevo=T
1	Мукачав	Mukacsav=T
1	Мукач	Mukacs=T
1	Мошянь	Mosjany=T
1	Мошоньляде	Mosonyljagye=T
1	Мошонмодяровар	Mosonmogyarovar=T
1	Мошонмадьяробар	Mosonmagyjarobar=T
1	Мошонмадаровар	Mosonmadarovar=T
1	Мошо Меде	Moso_Megye=T
1	Мошап	Mosap=T
1	Моцьварат	Mocyvarat=T
1	Моцоли	Mocoli=T
1	Мостороторда	Mosztorotorda=T
1	Морщдордо	Morsdordo=T
1	Морштордо	Morstordo=T
1	Моруштудро	Morustudro=T
1	Морут Турцо	Morut_Turco=T
1	Морощбордо	Morosbordo=T
1	Мороштордя	Morostorgya=T
1	Мороштерда	Morosterda=T
1	Мороштер	Moroster=T
1	Морошпо Делокут	Morospo_Gyelokut=T
1	Морошплорца	Morosplorca=T
1	Морошжэрдэ	Moroszserde=T
1	Морон Торда	Moron_Torda=T
1	Моронтан	Morontan=T
1	Моромсык	Moromszik=T
1	Моро-Морош	Moro-Moros=T
1	Моролуторда	Morolutorda=T
1	Моролотордо	Morolotordo=T
1	Моришторза	Moristorza=T
1	Морешторда	Morestorda=T
1	Мордо	Mordo=T
1	Мораштордо	Morastordo=T
1	Мораштора	Morastora=T
1	Мораморот	Moramorot=T
1	Морава	Morava=T
1	Моошош	Moosos=T
1	Монер	Moner=T
1	Мольцари	Molycari=T
1	Модярне	Mogyarne=T
1	Модярбангриш	Mogyarbangris=T
1	Модгруван	Modgruvan=T
1	Могач	Mogacs=T
1	Мишкольс	Miskolysz=T
1	Мишкенск	Miskenszk=T
1	Митропожонь	Mitropozsony=T
1	Мисокимито	Miszokimito=T
1	Мирошторда	Mirostorda=T
1	Милот	Milot=T
1	Микуличи	Mikulicsi=T
1	Микольц	Mikolyc=T
1	Мигор	Migor=T
1	Мигайфальц	Migajfalyc=T
1	Мечуйкеритиш	Mecsujkeritis=T
1	Мероштордовар	Merostordovar=T
1	Меромтордо	Meromtordo=T
1	Мернорячук	Mernorjacsuk=T
1	Мекачево	Mekacsevo=T
1	Мейзежур	Mézezsur=T
1	Мезюкерестеш	Mezyukeresztes=T
1	Мезнокувайш	Meznokuvajs=T
1	Мезёкевежд	Mezokevezsd=T
1	Мезекювежд	Mezekyuvezsd=T
1	Мезейковачерды	Mezékovacserdi=T
1	Медя	Megya=T
1	Медье	Megye=T
1	Машон-Медье	Mason-Megye=T
1	Машодь	Masogy=T
1	Мауг-Морош	Maug-Moros=T
1	Матысолко	Matiszolko=T
1	Матысельк	Matiszelyk=T
1	Матисолько	Matiszolyko=T
1	Марцаль	Marcaly=T
1	Маруштуда	Marustuda=T
1	Марушторуч	Marustorucs=T
1	Марушторде	Marustorgye=T
1	Маруштонда	Marustonda=T
1	Маруштердо	Marusterdo=T
1	Марушкорда	Maruskorda=T
1	Маруш Горда	Marus_Gorda=T
1	Мароштольда	Marostolyda=T
1	Марошмозабо	Marosmozabo=T
1	Марош-Вашор	Maros-Vasor=T
1	Мароторослая	Marotoroszlaja=T
1	Маромороштордо	Maromorostordo=T
1	Маромороштардо	Maromorostardo=T
1	Маромерок	Maromerok=T
1	Мароиторда	Maroitorda=T
1	Марморуш	Marmorus=T
1	Мармамош	Marmamos=T
1	Марет Тордо	Maret_Tordo=T
1	Маремороне	Maremorone=T
1	Мараштуруи	Marasturui=T
1	Мараштурда	Marasturda=T
1	Мараштордо	Marastordo=T
1	Марамурож	Maramurozs=T
1	Марамуреш	Maramures=T
1	Марамурал	Maramural=T
1	Мараморун	Maramorun=T
1	Марамарни	Maramarni=T
1	Малуш	Malus=T
1	Малон	Malon=T
1	Маломтелен	Malomtelen=T
1	Мазыкувашобо	Mazikuvasobo=T
1	Мадярской	Magyarszkoj=T
1	Мадяр	Magyar=T
1	Мадьровар	Magyrovar=T
1	Мадьар Канижа Зент	Magyar_Kanizsa_Zent=T
1	Магач	Magacs=T
1	Лутен	Luten=T
1	Лунград	Lungrad=T
1	Лугош	Lugos=T
1	Лошейу	Loséu=T
1	Лондельтоты	Longyelytoti=T
1	Лойтерберг	Lojterberg=T
1	Литкощ	Litkos=T
1	Ликачево	Likacsevo=T
1	Лигитое Яраш	Ligitoe_Járas=T
1	Ленгелтоута	Lengeltouta=T
1	Левистье	Levisztye=T
1	Латанс	Latansz=T
1	Ласлу	Laszlu=T
1	Кямиром	Kjamirom=T
1	Кюрмен	Kyurmen=T
1	Курской	Kurszkoj=T
1	Курск.	Kurszk.=T
1	Кунсентмиклош	Kunszentmiklos=T
1	Кулотдеде	Kulotgyegye=T
1	Крашустерин	Krasuszterin=T
1	Красицо	Kraszico=T
1	Кранце	Krance=T
1	Кошкюло	Koskyulo=T
1	Кошицкая	Kosickaja=T
1	Кошерун	Koserun=T
1	Кошдно	Kosdno=T
1	Косшорное	Koszsornoe=T
1	Коспоросы	Koszporoszi=T
1	Косиице	Kosziice=T
1	Коромсик	Koromszik=T
1	Корлат	Korlat=T
1	Копушварн	Kopusvarn=T
1	Коншица	Konsica=T
1	Коношвари	Konosvari=T
1	Коношвар	Konosvar=T
1	Конош	Konos=T
1	Кондереш Солнок	Kongyeres_Szolnok=T
1	Комярош	Komjaros=T
1	Коморм	Komorm=T
1	Комитат Золе	Komitat_Zole=T
1	Комитат Гёмор	Komitat_Gomor=T
1	Комерум	Komerum=T
1	Комеров	Komerov=T
1	Комдюм-мезе	Komgyum-meze=T
1	Комато	Komato=T
1	Комары	Komari=T
1	Комару	Komaru=T
1	Комаромшер	Komaromser=T
1	Комаром Чичево	Komarom_Csicsevo=T
1	Комаром-Медье	Komarom-Megye=T
1	Комаромеер	Komaromér=T
1	Комарой	Komaroj=T
1	Комарово	Komarovo=T
1	Комарин	Komarin=T
1	Комари	Komari=T
1	Комарзы	Komarzi=T
1	Комаре	Komare=T
1	Комарал	Komaral=T
1	Комара	Komara=T
1	Комар	Komar=T
1	Ком.	Kom.=T
1	Колотвар	Kolotvar=T
1	Колорош	Koloros=T
1	Колонь	Kolony=T
1	Колоносвор	Kolonoszvor=T
1	Коломыш	Kolomis=T
1	Коломкой	Kolomkoj=T
1	Колом	Kolom=T
1	Колеафоли	Koleafoli=T
1	Коларуш	Kolarus=T
1	Колароми	Kolaromi=T
1	Кожанв	Kozsanv=T
1	Кодракожлярош	Kodrakozsljaros=T
1	Когаром	Kogarom=T
1	Ковград	Kovgrad=T
1	Ковашич	Kovasics=T
1	Ковасло	Kovaszlo=T
1	Клущи	Klusi=T
1	Клут	Klut=T
1	Клукс	Kluksz=T
1	Клецка	Klecka=T
1	Кишорош	Kisoros=T
1	Кишморос	Kismorosz=T
1	Кишкюсёлле	Kiskyuszolle=T
1	Кишкюком	Kiskyukom=T
1	Кишкумголош	Kiskumgolos=T
1	Кишкумайша	Kiskumajsa=T
1	Кишкикула	Kiskikula=T
1	Кишкекелё	Kiskekelo=T
1	Кишкали	Kiskali=T
1	Кинжине	Kinzsine=T
1	Кильянова	Kilyjanova=T
1	Кешпештюле	Kespestyule=T
1	Кестхей	Keszthé=T
1	Кестгей	Kesztgé=T
1	Кеспо Гочи	Keszpo_Gocsi=T
1	Кеси	Keszi=T
1	Кесзды	Keszzdi=T
1	Кермет	Kermet=T
1	Керестурцюго	Kereszturcyugo=T
1	Керестул	Keresztul=T
1	Кенц	Kenc=T
1	Кенсмаров	Kenszmarov=T
1	Кенек	Kenek=T
1	Кемечи	Kemecsi=T
1	Кельн	Kelyn=T
1	Квезнукти	Kveznukti=T
1	Квали	Kvali=T
1	Кашар	Kasar=T
1	Каховки	Kahovki=T
1	Каторош	Katoros=T
1	Катонисант	Katoniszant=T
1	Катица	Katica=T
1	Касторно	Kasztorno=T
1	Каршо	Karso=T
1	Карпат	Karpat=T
1	Карей	Karé=T
1	Карашееверин	Karaséverin=T
1	Каплец	Kaplez=T
1	Канау	Kanau=T
1	Камером	Kamerom=T
1	Камароми	Kamaromi=T
1	Камарно	Kamarno=T
1	Камарна	Kamarna=T
1	Камара	Kamara=T
1	Калошвар	Kalosvar=T
1	Калом	Kalom=T
1	Калагаевского	Kalagaevszkogo=T
1	Йкйкеш	Jkjkes=T
1	Июмоть	Iyumoty=T
1	Исмош	Iszmos=T
1	Ирмигальфолва	Irmigalyfolva=T
1	Ирмачалфолво	Irmacsalfolvo=T
1	Ирад	Irad=T
1	Ипольсаншаги	Ipolyszansagi=T
1	Ипой	Ipoj=T
1	Иороштордь	Iorostorgy=T
1	Иодокото	Iodokoto=T
1	Инольшаги	Inolysagi=T
1	Инг	Ing=T
1	Имюрской	Imyurszkoj=T
1	и и Колошвар	i_i_Kolosvar=T
1	Игня	Ignya=T
1	и Гевеш	i_Geves=T
1	Ивет	Ivet=T
1	Иваш	Ivas=T
1	Ива[...]	Iva[...]=T
1	Ибеш	Ibes=T
1	Иасул	Iaszul=T
1	Зуюги	Zuyugi=T
1	Зрайфевальде	Zrajfevalygye=T
1	Зооло	Zoolo=T
1	Зоола	Zoola=T
1	Зомпли	Zompli=T
1	Зомо	Zomo=T
1	Зомилин	Zomilin=T
1	Золч	Zolcs=T
1	Золомецкая	Zolomeckaja=T
1	Золой	Zoloj=T
1	Золоиской	Zoloiszkoj=T
1	Золоегерсег	Zoloegerszeg=T
1	Золнок	Zolnok=T
1	Золно	Zolno=T
1	Золё	Zolo=T
1	Золембане	Zolembane=T
1	Золагерцег	Zolagerceg=T
1	Змилен	Zmilen=T
1	Зирц	Zirc=T
1	Зио	Zio=T
1	Зимпле	Zimple=T
1	Зила	Zila=T
1	Зешли	Zesli=T
1	Зениланд	Zeniland=T
1	Зенгутхар	Zenguthar=T
1	Земприш	Zempris=T
1	Земплок	Zemplok=T
1	Земплит	Zemplit=T
1	Земплин[...]	Zemplin[...]=T
1	Земплилиди	Zemplilidi=T
1	Земплий	Zemplij=T
1	Земплер	Zempler=T
1	Земплеине	Zempleine=T
1	Земплег	Zempleg=T
1	Земпл.	Zempl.=T
1	Земнлин	Zemnlin=T
1	Земнес	Zemnesz=T
1	Земли	Zemli=T
1	Земинш	Zemins=T
1	Земилей	Zemilé=T
1	Земелиш	Zemelis=T
1	Земелин	Zemelin=T
1	Земели	Zemeli=T
1	Зембли[...]	Zembli[...]=T
1	Зелтмен	Zeltmen=T
1	Зелтлин	Zeltlin=T
1	Зелтлен	Zeltlen=T
1	Зела-Меде	Zela-Megye=T
1	Звоми	Zvomi=T
1	Заю	Zayu=T
1	Затшемее	Zatsemé=T
1	Зап. Русь	Zap._Ruszy=T
1	Занхи	Zanhi=T
1	Зана	Zana=T
1	Замлесин	Zamleszin=T
1	Замбор	Zambor=T
1	Залым	Zalim=T
1	Залпле	Zalple=T
1	Залиленск	Zalilenszk=T
1	Залаецкечи	Zalaeckecsi=T
1	Залагерсак	Zalagerszak=T
1	Закарпат.	Zakarpat.=T
1	Задовайкалфалва Ногради	Zadovajkalfalva_Nogradi=T
1	Заала	Zála=T
1	Жупа Земплейм	Zsupa_Zemplém=T
1	Жуна Хевец	Zsuna_Hevec=T
1	Жудец	Zsugyec=T
1	Жидецутрейскауне	Zsigyecutrészkaune=T
1	Еснаг	Esznag=T
1	Ейхор	Ejhor=T
1	Едеш	Egyes=T
1	Егор	Egor=T
1	Еатмаре	Eatmare=T
1	Дюрмед	Gyurmed=T
1	Дюрдь	Gyurgy=T
1	Дюр.	Gyur.=T
1	Дюмрен	Gyumren=T
1	Дюло	Gyulo=T
1	Дюгр	Gyugr=T
1	Дьердьодитро Чик	Gyergyoditro_Csik=T
1	Дьердь	Gyergy=T
1	Дунофельдвар	Dunofelydvar=T
1	Дуносердочи	Dunoszerdocsi=T
1	Дуносердахей	Dunoszerdahé=T
1	Дуновскаяванк	Dunovszkajavank=T
1	Дунафёлдвар	Dunafoldvar=T
1	Дунасердона	Dunaszerdona=T
1	Дунайске середа	Dunajszke_szereda=T
1	Дунай	Dunaj=T
1	Дунавскабановина	Dunavszkabanovina=T
1	Дунавечь	Dunavecsy=T
1	Дулино	Dulino=T
1	Дубовска	Dubovszka=T
1	Дорфасов	Dorfaszov=T
1	Дороче	Dorocse=T
1	Дормада рабо	Dormada_rabo=T
1	Дордай	Dordaj=T
1	Домосек	Domoszek=T
1	Домбедьхазо	Dombegyhazo=T
1	дома	doma=T
1	Дольный	Dolynij=T
1	Долия	Dolija=T
1	Доир	Doir=T
1	Додой	Dodoj=T
1	Додогелшу	Dodogelsu=T
1	Добо Весприн	Dobo_Veszprin=T
1	Днер	Dner=T
1	Длан	Dlan=T
1	Дкац	Dkac=T
1	Дихорстл	Dihorsztl=T
1	Диринеде	Dirinegye=T
1	Джонрад	Dzsonrad=T
1	Дёрдь	Gyorgy=T
1	Дёньдей	Gyonygyej=T
1	Дёёрд	Gyoord=T
1	Деюр	Gyeyur=T
1	Детерган	Gyetergan=T
1	Деруш	Gyerus=T
1	Держ	Gyerzs=T
1	Деречие	Gyerecsie=T
1	Дердь	Gyergy=T
1	Дерг	Gyerg=T
1	Дервар	Gyervar=T
1	Деор	Gyeor=T
1	Дендош	Gyendos=T
1	Демилин	Gyemilin=T
1	Демеш	Gyemes=T
1	Демер	Gyemer=T
1	Делотин	Gyelotin=T
1	Делетнио	Gyeletnio=T
1	Дел	Gyel=T
1	Дейчи	Décsi=T
1	Дейр	Dér=T
1	Дедуеш	Gyedues=T
1	Девечр	Gyevecsr=T
1	Девечар	Gyevecsar=T
1	Дебреце	Gyebrece=T
1	Дебечер	Gyebecser=T
1	Дворгей	Dvorgé=T
1	Двер	Dver=T
1	Дардо	Dardo=T
1	Дальни	Dalyni=T
1	Даданалину	Dadanalinu=T
1	Гюлор	Gyulor=T
1	Гэор	Geor=T
1	Гунедора	Gunedora=T
1	Гунедвара	Gunedvara=T
1	Гук	Guk=T
1	Готвон	Gotvon=T
1	Горцуш	Gorcus=T
1	Горость	Goroszty=T
1	Горомсей	Goromszé=T
1	Горамсит	Goramszit=T
1	Гопалтман	Gopaltman=T
1	Гондапешт	Gondapest=T
1	Гонадь	Gonagy=T
1	Гомонь	Gomony=T
1	Гомад	Gomad=T
1	Гол.	Gol.=T
1	Гойгар	Gojgar=T
1	Говмур	Govmur=T
1	Гимер	Gimer=T
1	Гиладь	Gilagy=T
1	Гёмер-Меде	Gomer-Megye=T
1	Геттфер	Gettfer=T
1	Гестеши	Gesztesi=T
1	Гесташского	Gesztasszkogo=T
1	Гернад-Не	Gernad-Ne=T
1	Гердь	Gergy=T
1	Георонодьсклошто	Georonogyszklosto=T
1	Генц	Genc=T
1	Геннад	Gennad=T
1	Генерад	Generad=T
1	Генад	Genad=T
1	Гемар	Gemar=T
1	Гельница	Gelynica=T
1	Гелор	Gelor=T
1	Гелер	Geler=T
1	Гекати	Gekati=T
1	Гейкеш	Gékes=T
1	Гейзды	Gézdi=T
1	Гейдувсермеду	Géduvszermedu=T
1	Геитра-Поксаль	Geitra-Pokszaly=T
1	Геер	Gér=T
1	Гевешмоде	Gevesmogye=T
1	Гевешлий	Geveslij=T
1	Гевешелоя	Geveseloja=T
1	Гевет	Gevet=T
1	Гевершляе	Geversljae=T
1	Гаспри	Gaszpri=T
1	Гарцщик	Garcsik=T
1	Гарутсек	Garutszek=T
1	Гарумсейкмедья	Garumszékmegyja=T
1	Гаротепо	Garotepo=T
1	Гаромсин	Garomszin=T
1	Гаромсей	Garomszé=T
1	Гаролкак	Garolkak=T
1	Гаройсийк	Garojszijk=T
1	Ганумсыга	Ganumsziga=T
1	Ганер	Ganer=T
1	Ганад	Ganad=T
1	Галицкая	Galickaja=T
1	Галанта	Galanta=T
1	Галанда	Galanda=T
1	Гайдуш	Gajdus=T
1	Гайдугас	Gajdugasz=T
1	Гавош	Gavos=T
1	Габрилейк	Gabrilék=T
1	Всекриси	Vszekriszi=T
1	Вошмидекой	Vosmigyekoj=T
1	Вошмее	Vosmé=T
1	Вошмедэ	Vosmede=T
1	Вошлозе	Vosloze=T
1	Воропеше Коч	Voropese_Kocs=T
1	Ворон.	Voron.=T
1	Волькельсдорф	Wolkelsdorf=T
1	Возш	Vozs=T
1	военый Старый Бегей	voenij_Sztarij_Begé=T
1	Воги	Vogi=T
1	Вобог	Vobog=T
1	Вихоць	Vihocy=T
1	Вихор	Vihor=T
1	Виприм	Viprim=T
1	Випрель	Viprely=T
1	Вешчай	Vescsaj=T
1	Вешмея	Vesmeja=T
1	Вестфален	Vesztfalen=T
1	Вестрин	Vesztrin=T
1	Вестприлм	Vesztprilm=T
1	Вестек	Vesztek=T
1	Вестгуши	Vesztgusi=T
1	Вестбрим	Vesztbrim=T
1	Весптирин	Veszptirin=T
1	Веспры-Ледья	Veszpri-Legyja=T
1	Весприм	Wesprim=T
1	Весприен	Veszprien=T
1	Веспремского	Veszpremszkogo=T
1	Весплен	Veszplen=T
1	Весйремского	Veszjremszkogo=T
1	Весирин	Veszirin=T
1	Весире	Veszire=T
1	Весбремч	Veszbremcs=T
1	Вершец	Versec=T
1	Вериеж	Veriezs=T
1	Веренц	Verenc=T
1	Веоприш	Veopris=T
1	Венр	Venr=T
1	Венгия	Vengija=T
1	Вельшгоярош	Velysgojaros=T
1	Велки конушай	Velki_konusaj=T
1	Вел вевлюш	Vel_vevlyus=T
1	Векеш	Vekes=T
1	Веген	Vegen=T
1	Ваш-Медя	Vas-Megya=T
1	Ваш-Медье	Vas-Megye=T
1	Ваш-Меде	Vas-Megye=T
1	Вашарошнашень	Vasarosnaseny=T
1	Вашаргей	Vasargé=T
1	Вачбордок	Vacsbordok=T
1	Ваци	Vaci=T
1	Вац	Vac=T
1	Васпреп	Vaszprep=T
1	Васкриш	Vaszkris=T
1	Варош-Биор	Varos-Bior=T
1	Варонеж.	Varonezs.=T
1	Ваньарц Зала	Vanyarc_Zala=T
1	Ванприм	Vanprim=T
1	Валяузылу	Valjauzilu=T
1	Вал фомь	Val_fomy=T
1	Вакшее	Vaksé=T
1	Вайстерфельд	Vajszterfelyd=T
1	Бяр	Bjar=T
1	Бяйкеш	Bjajkes=T
1	Бюгор	Byugor=T
1	Бутнок	Butnok=T
1	Буршуде	Bursugye=T
1	Бургерланд	Burgerland=T
1	Бургенланд	Burgenland=T
1	Бульдокор	Bulydokor=T
1	Буковина	Bukovina=T
1	Будопештская Шарокшар	Budopestszkaja_Saroksar=T
1	Будон	Budon=T
1	Будои	Budoi=T
1	Будапештовск.	Budapestovszk.=T
1	Будапеской	Budapeszkoj=T
1	Будакерники	Budakerniki=T
1	Бткишь	Btkisy=T
1	Брошев	Brosev=T
1	Бротислова	Brotiszlova=T
1	Бротислава	Brotiszlava=T
1	Бронь	Brony=T
1	Бронеслав	Broneszlav=T
1	Бриен	Brien=T
1	Брест Литовск	Breszt_Litovszk=T
1	Брезоважя	Brezovazsja=T
1	Брашев	Brasev=T
1	Братислов	Bratiszlov=T
1	Братиславо	Bratiszlavo=T
1	Браншелавской	Branselavszkoj=T
1	Брантслава	Brantszlava=T
1	Бранденберг	Brangyenberg=T
1	Боя	Boja=T
1	Бочком	Bocskom=T
1	Бочки	Bocski=T
1	Боче	Bocse=T
1	Бочбрурск.	Bocsbrurszk.=T
1	Бочбоудрог	Bocsboudrog=T
1	Боч Бордок	Bocs_Bordok=T
1	Бочбодроч	Bocsbodrocs=T
1	Босния	Bosznija=T
1	Боршонь	Borsony=T
1	Боршонмеир.	Borsonmeir.=T
1	Бор-Шод	Bor-Sod=T
1	Боршан Медье	Borsan_Megye=T
1	Борчи	Borcsi=T
1	Бортот	Bortot=T
1	Бортодь	Bortogy=T
1	Борошодерпод	Borosogyerpod=T
1	Бороньд	Boronyd=T
1	Бороння	Boronnya=T
1	Бороне Меде	Borone_Megye=T
1	Боронек	Boronek=T
1	Бороней	Boroné=T
1	Борон	Boron=T
1	Бороли	Boroli=T
1	Борму	Bormu=T
1	Бормонгай	Bormongaj=T
1	Бормау	Bormau=T
1	Борилот	Borilot=T
1	Бореца	Boreca=T
1	Борбодра	Borbodra=T
1	Борания	Boranija=T
1	Бомно	Bomno=T
1	Болтаваар Зала	Boltavár_Zala=T
1	Болод	Bolod=T
1	Болгар	Bolgar=T
1	Болбоурок	Bolbourok=T
1	Боку-Бесприм	Boku-Beszprim=T
1	Боксу	Bokszu=T
1	Бойо	Bojo=T
1	Бойкиш	Bojkis=T
1	Бойду	Bojdu=T
1	Божон	Bozson=T
1	Божок	Bozsok=T
1	Божань	Bozsany=T
1	Боёёй	Booé=T
1	Боебоурух	Boebouruh=T
1	Бодшодь	Bodsogy=T
1	Богор	Bogor=T
1	Богдудрун	Bogdudrun=T
1	Богдодрок	Bogdodrok=T
1	Богбадь	Bogbagy=T
1	Богач	Bogacs=T
1	Бог.	Bog.=T
1	Б.-Мешта	B.-Mesta=T
1	Блар	Blar=T
1	Бихармедие	Biharmedie=T
1	Бирож	Birozs=T
1	Билон	Bilon=T
1	Бизальмара	Bizalymara=T
1	Бигф	Bigf=T
1	Бигормедо	Bigormedo=T
1	Бигорвар	Bigorvar=T
1	Бигор.	Bigor.=T
1	Бигон	Bigon=T
1	Биго	Bigo=T
1	Бигбодо	Bigbodo=T
1	Бигарт	Bigart=T
1	Бигадь	Bigagy=T
1	Бешкшмаде	Besksmagye=T
1	Бешер	Beser=T
1	Беш	Bes=T
1	Бец	Bec=T
1	Беткеш	Betkes=T
1	Бест	Beszt=T
1	Беры	Beri=T
1	Берч	Bercs=T
1	Бероли Меди	Beroli_Medi=T
1	Бероговской	Berogovszkoj=T
1	Бернгад	Berngad=T
1	Беринд	Berind=T
1	Беретю	Beretyu=T
1	Беретеуйфолю	Bereteujfolyu=T
1	Беретеуйфолу	Bereteujfolu=T
1	Беретеуйфолич	Bereteujfolics=T
1	Берепше	Berepse=T
1	Берексас	Berekszasz=T
1	Берексаз	Berekszaz=T
1	Берек-саг	Berek-szag=T
1	Берекесяное	Berekeszjanoe=T
1	Берекеаз	Berekeaz=T
1	Берекбесерне. Бигор	Berekbeszerne._Bigor=T
1	Берегсас	Beregszasz=T
1	Берегове	Beregove=T
1	Берегмедья	Beregmegyja=T
1	Берегеаз	Beregeaz=T
1	Бердюссит-Никлоуш	Bergyuszszit-Niklous=T
1	Бенад	Benad=T
1	Бембодрук	Bembodruk=T
1	Белшуйшад	Belsujsad=T
1	Белкенд	Belkend=T
1	Бекши	Beksi=T
1	Бекеш Эндредь	Bekes_Endregy=T
1	Бекешчово	Bekescsovo=T
1	Бекеш-Чибо	Bekes-Csibo=T
1	Бекеш Медя	Bekes_Megya=T
1	Бекеш.	Bekes.=T
1	Бекет Удварген	Beket_Udvargen=T
1	Бекеиш	Bekeis=T
1	Бейкти	Békti=T
1	Бейкетской	Béketszkoj=T
1	Бейжен	Bézsen=T
1	Беитеш Меди	Beites_Medi=T
1	Беипиш	Beipis=T
1	Безын	Bezin=T
1	Безйкияраш	Bezjkijaras=T
1	Бегош	Begos=T
1	Бегор	Begor=T
1	Бегбодрюк	Begbodryuk=T
1	Бая-Бодрог	Baja-Bodrog=T
1	Башхоп	Bashop=T
1	Башбедрок	Basbedrok=T
1	Бачьтодрою	Bacsytodroyu=T
1	Бачьбодрок	Bacsybodrok=T
1	Бачьбодраг	Bacsybodrag=T
1	Бачкоброд	Bacskobrod=T
1	Бачки	Bacski=T
1	Бачкая	Bacskaja=T
1	Бачи-Бодрок	Bacsi-Bodrok=T
1	Бачебодрог	Bacsebodrog=T
1	Бачборды	Bacsbordi=T
1	Бачбордор	Bacsbordor=T
1	Бачбондог	Bacsbondog=T
1	Бачбокот	Bacsbokot=T
1	Бачбодруг	Bacsbodrug=T
1	Бачбодру	Bacsbodru=T
1	Бачбодрод	Bacsbodrod=T
1	Бач бодрог	Bacs_bodrog=T
1	Бачбодрак	Bacsbodrak=T
1	Бач-Бодра	Bacs-Bodra=T
1	Басборгор	Baszborgor=T
1	Барш Хунд	Bars_Hund=T
1	Баршхонд	Barshond=T
1	Баршуий	Barsuij=T
1	Баршонь	Barsony=T
1	Баршешь	Barsesy=T
1	Барт	Bart=T
1	Барония	Baronija=T
1	Бароля	Barolja=T
1	Бароговской	Barogovszkoj=T
1	Барки	Barki=T
1	Бардобры	Bardobri=T
1	Баранье Меде	Baranye_Megye=T
1	Бараныдх	Baranidh=T
1	Барановичи	Baranovicsi=T
1	Баранио-Мече	Baranio-Mecse=T
1	Барани	Barani=T
1	Баране медж	Barane_medzs=T
1	Баранек	Baranek=T
1	Банчукий	Bantschukii=T
1	Банфигунеды	Banfigunedi=T
1	Бан	Ban=T
1	Балошадерма	Balosagyerma=T
1	Бал-Бодрог	Bal-Bodrog=T
1	Балашярмат	Balasjarmat=T
1	Балашодярмой	Balasogyarmoj=T
1	Бакшая	Baksaja=T
1	Бакиш	Bakis=T
1	Байчинт	Bajcsint=T
1	Байнеш	Bajnes=T
1	Байкейщ	Bajkés=T
1	Байду	Bajdu=T
1	Байгарош	Bajgaros=T
1	Баибодро	Baibodro=T
1	Бадрог-Кези	Badrog-Kezi=T
1	Багбодрук	Bagbodruk=T
1	Баг-Бодрошка	Bag-Bodroska=T
1	Багбодрас	Bagbodrasz=T
1	Багбодлок	Bagbodlok=T
1	Багбадрок	Bagbadrok=T
1	Артусопар Ярошь	Artuszopar_Járosy=T
1	Ароношторда	Aronostorda=T
1	Ароништурда	Aronisturda=T
1	Арейер	Aréer=T
1	Арде	Argye=T
1	Аранотордо	Aranotordo=T
1	Арадск.	Aradszk.=T
1	Альшолендва	Alysolendva=T
1	Альва	Alyva=T
1	Аккерван	Akkervan=T
1	Адонь	Adony=T
1	Адони	Adoni=T
1	Адольянфолен	Adolyjanfolen=T
1	Адауйторна	Adaujtorna=T
1	Агуреш	Agures=T
1	Аварош Торда	Auaros_Torda=T
1	Абуш	Abus=T
1	Абсуйстон	Abszujszton=T
1	Абоуйторио	Aboujtorio=T
1	Абонь	Abony=T
1	Абодиторно	Aboditorno=T
1	Або	Abo=T
1	Абациторно	Abacitorno=T
1	Абауторнолия	Abautornolija=T
1	Абавуй	Abavuj=T
1	Аба	Aba=T
1	Аабау	Aabau=T
1	XI	XI=T
1	VII	VII=T
